<?xml version="1.0" encoding="UTF-8"?>

<Condition xmlns="http://hl7.org/fhir">
  <id value="StrokeDiagnosisConditionAFlutter"/>
  <meta>
    <profile value="http://testSK.org/StructureDefinition/stroke-risk-factor-condition-profile"/>
  </meta>
  <text>
    <status value="generated"/><div xmlns="http://www.w3.org/1999/xhtml"><p class="res-header-id"><b>Generated Narrative: Condition StrokeDiagnosisConditionAFlutter</b></p><a name="StrokeDiagnosisConditionAFlutter"> </a><a name="hcStrokeDiagnosisConditionAFlutter"> </a><div style="display: inline-block; background-color: #d9e0e7; padding: 6px; margin: 4px; border: 1px solid #8da1b4; border-radius: 5px; line-height: 60%"><p style="margin-bottom: 0px"/><p style="margin-bottom: 0px">Profile: <a href="StructureDefinition-stroke-risk-factor-condition-profile.html">Stroke Risk Factor Condition Profile</a></p></div><p><b>clinicalStatus</b>: <span title="Codes:{http://terminology.hl7.org/CodeSystem/condition-clinical active}">Active</span></p><p><b>verificationStatus</b>: <span title="Codes:{http://terminology.hl7.org/CodeSystem/condition-ver-status differential}">Differential</span></p><p><b>category</b>: <span title="Codes:{http://terminology.hl7.org/CodeSystem/condition-category problem-list-item}">Problem List Item</span></p><p><b>code</b>: <span title="Codes:{http://snomed.info/sct 5370000}">Atrial flutter (disorder)</span></p><p><b>subject</b>: <a href="Patient-example-patient.html">Anonymous Patient (no stated gender), DoB Unknown</a></p><p><b>encounter</b>: <a href="Encounter-StrokeEncounterExample.html">Encounter: extension = true,ICU / Stroke Unit,false,Neurology department (environment); status = completed; type = Inpatient Encounter; actualPeriod = 2025-03-01 08:00:00+0000 --&gt; 2025-03-10 12:00:00+0000</a></p></div>
  </text>
  <clinicalStatus>
    <coding>
      <system value="http://terminology.hl7.org/CodeSystem/condition-clinical"/>
      <code value="active"/>
    </coding>
  </clinicalStatus>
  <verificationStatus>
    <coding>
      <system value="http://terminology.hl7.org/CodeSystem/condition-ver-status"/>
      <code value="differential"/>
    </coding>
  </verificationStatus>
  <category>
    <coding>
      <system value="http://terminology.hl7.org/CodeSystem/condition-category"/>
      <code value="problem-list-item"/>
      <display value="Problem List Item"/>
    </coding>
  </category>
  <code>
    <coding>
      <system value="http://snomed.info/sct"/>
      <code value="5370000"/>
      <display value="Atrial flutter (disorder)"/>
    </coding>
  </code>
  <subject>
    <reference value="Patient/example-patient"/>
  </subject>
  <encounter>
    <reference value="Encounter/StrokeEncounterExample"/>
  </encounter>
</Condition>