<?xml version="1.0" encoding="UTF-8"?>

<Observation xmlns="http://hl7.org/fhir">
  <id value="StrokeCircumstanceObservationExampleWakeUp"/>
  <meta>
    <profile value="http://tecnomod-um.org/StructureDefinition/stroke-circumstance-observation-profile"/>
  </meta>
  <text>
    <status value="generated"/><div xmlns="http://www.w3.org/1999/xhtml"><p class="res-header-id"><b>Generated Narrative: Observation StrokeCircumstanceObservationExampleWakeUp</b></p><a name="StrokeCircumstanceObservationExampleWakeUp"> </a><a name="hcStrokeCircumstanceObservationExampleWakeUp"> </a><div style="display: inline-block; background-color: #d9e0e7; padding: 6px; margin: 4px; border: 1px solid #8da1b4; border-radius: 5px; line-height: 60%"><p style="margin-bottom: 0px"/><p style="margin-bottom: 0px">Profile: <a href="StructureDefinition-stroke-circumstance-observation-profile.html">Stroke Circumstance Observation Profile (R5)</a></p></div><p><b>status</b>: Final</p><p><b>code</b>: <span title="Codes:{http://tecnomod-um.org/CodeSystem/stroke-circumstance-codes-cs wake-up}">Wake-up Stroke</span></p><p><b>subject</b>: <a href="Patient-example-patient.html">Anonymous Patient (no stated gender), DoB Unknown</a></p><p><b>focus</b>: <code>ConditionExample</code></p><p><b>encounter</b>: <a href="Encounter-StrokeEncounterExample.html">Encounter: extension = true,ICU / Stroke Unit,false,Neurology department (environment); status = completed; type = Inpatient Encounter; actualPeriod = 2025-03-01 08:00:00+0000 --&gt; 2025-03-10 12:00:00+0000</a></p></div>
  </text>
  <status value="final"/>
  <code>
    <coding>
      <system value="http://tecnomod-um.org/CodeSystem/stroke-circumstance-codes-cs"/>
      <code value="wake-up"/>
      <display value="Wake-up Stroke"/>
    </coding>
  </code>
  <subject>
    <reference value="Patient/example-patient"/>
  </subject>
  <focus>
    <reference value="ConditionExample"/>
  </focus>
  <encounter>
    <reference value="Encounter/StrokeEncounterExample"/>
  </encounter>
</Observation>