<?xml version="1.0" encoding="UTF-8"?><CodeSystem xmlns="http://hl7.org/fhir"><id value="mrs-score-cs"/><text><status value="generated"/><div xmlns="http://www.w3.org/1999/xhtml"><p class="res-header-id"><b>Generated Narrative: CodeSystem mrs-score-cs</b></p><a name="mrs-score-cs"> </a><a name="hcmrs-score-cs"> </a><p>This case-insensitive code system <code>http://testSK.org/CodeSystem/mrs-score-cs</code> defines the following codes:</p><table class="codes"><tr><td style="white-space:nowrap"><b>Code</b></td><td><b>Display</b></td><td><b>Definition</b></td></tr><tr><td style="white-space:nowrap">0<a name="mrs-score-cs-0"> </a></td><td>No symptoms</td><td>No symptoms at all.</td></tr><tr><td style="white-space:nowrap">1<a name="mrs-score-cs-1"> </a></td><td>No significant disability</td><td>Despite symptoms; able to carry out all usual duties and activities.</td></tr><tr><td style="white-space:nowrap">2<a name="mrs-score-cs-2"> </a></td><td>Slight disability</td><td>Unable to carry out all previous activities, but able to look after own affairs without assistance.</td></tr><tr><td style="white-space:nowrap">3<a name="mrs-score-cs-3"> </a></td><td>Moderate disability</td><td>Requiring some help, but able to walk without assistance.</td></tr><tr><td style="white-space:nowrap">4<a name="mrs-score-cs-4"> </a></td><td>Moderately severe disability</td><td>Unable to walk without assistance and unable to attend to own bodily needs without assistance.</td></tr><tr><td style="white-space:nowrap">5<a name="mrs-score-cs-5"> </a></td><td>Severe disability</td><td>Bedridden, incontinent and requiring constant nursing care and attention.</td></tr><tr><td style="white-space:nowrap">6<a name="mrs-score-cs-6"> </a></td><td>Dead</td><td>Patient deceased.</td></tr></table></div></text><url value="http://testSK.org/CodeSystem/mrs-score-cs"/><version value="0.1.0"/><name value="MRsScoreCS"/><title value="modified Rankin Scale (mRS) Score Code System"/><status value="active"/><experimental value="true"/><date value="2025-10-31T12:12:50+00:00"/><publisher value="UMU"/><contact><name value="UMU"/><telecom><system value="url"/><value value="http://testSK.org/umu"/></telecom></contact><description value="Codes representing the modified Rankin Scale (mRS) score for functional outcome."/><caseSensitive value="false"/><content value="complete"/><count value="7"/><concept><code value="0"/><display value="No symptoms"/><definition value="No symptoms at all."/><designation><use><system value="http://terminology.hl7.org/CodeSystem/hl7TermMaintInfra"/><code value="preferredForLanguage"/></use><value value="No symptoms"/></designation></concept><concept><code value="1"/><display value="No significant disability"/><definition value="Despite symptoms; able to carry out all usual duties and activities."/><designation><use><system value="http://terminology.hl7.org/CodeSystem/hl7TermMaintInfra"/><code value="preferredForLanguage"/></use><value value="No significant disability"/></designation></concept><concept><code value="2"/><display value="Slight disability"/><definition value="Unable to carry out all previous activities, but able to look after own affairs without assistance."/><designation><use><system value="http://terminology.hl7.org/CodeSystem/hl7TermMaintInfra"/><code value="preferredForLanguage"/></use><value value="Slight disability"/></designation></concept><concept><code value="3"/><display value="Moderate disability"/><definition value="Requiring some help, but able to walk without assistance."/><designation><use><system value="http://terminology.hl7.org/CodeSystem/hl7TermMaintInfra"/><code value="preferredForLanguage"/></use><value value="Moderate disability"/></designation></concept><concept><code value="4"/><display value="Moderately severe disability"/><definition value="Unable to walk without assistance and unable to attend to own bodily needs without assistance."/><designation><use><system value="http://terminology.hl7.org/CodeSystem/hl7TermMaintInfra"/><code value="preferredForLanguage"/></use><value value="Moderately severe disability"/></designation></concept><concept><code value="5"/><display value="Severe disability"/><definition value="Bedridden, incontinent and requiring constant nursing care and attention."/><designation><use><system value="http://terminology.hl7.org/CodeSystem/hl7TermMaintInfra"/><code value="preferredForLanguage"/></use><value value="Severe disability"/></designation></concept><concept><code value="6"/><display value="Dead"/><definition value="Patient deceased."/><designation><use><system value="http://terminology.hl7.org/CodeSystem/hl7TermMaintInfra"/><code value="preferredForLanguage"/></use><value value="Dead"/></designation></concept></CodeSystem>