<?xml version="1.0" encoding="UTF-8"?><CodeSystem xmlns="http://hl7.org/fhir"><id value="timing-metric-codes-cs"/><text><status value="generated"/><div xmlns="http://www.w3.org/1999/xhtml"><p class="res-header-id"><b>Generated Narrative: CodeSystem timing-metric-codes-cs</b></p><a name="timing-metric-codes-cs"> </a><a name="hctiming-metric-codes-cs"> </a><p>This  code system <code>http://testSK.org/CodeSystem/timing-metric-codes-cs</code> defines the following codes:</p><table class="codes"><tr><td style="white-space:nowrap"><b>Code</b></td><td><b>Display</b></td><td><b>Definition</b></td></tr><tr><td style="white-space:nowrap">D2G<a name="timing-metric-codes-cs-D2G"> </a></td><td>Door to Groin</td><td>Time (in minutes) from hospital arrival to the groin puncture for mechanical thrombectomy</td></tr><tr><td style="white-space:nowrap">D2N<a name="timing-metric-codes-cs-D2N"> </a></td><td>Door to Needle</td><td>Time (in minutes) from the patient’s arrival at the hospital to the start of intravenous thrombolysis</td></tr></table></div></text><url value="http://testSK.org/CodeSystem/timing-metric-codes-cs"/><version value="0.1.0"/><name value="TimingMetricCodesCS"/><title value="Stroke Timing Metric Codes ValueSet"/><status value="active"/><date value="2025-10-22T14:41:09+00:00"/><publisher value="UMU"/><contact><name value="UMU"/><telecom><system value="url"/><value value="http://testSK.org/umu"/></telecom></contact><description value="Codes for key process timing metrics in acute stroke care (D2N, D2G)."/><content value="complete"/><count value="2"/><concept><code value="D2G"/><display value="Door to Groin"/><definition value="Time (in minutes) from hospital arrival to the groin puncture for mechanical thrombectomy"/><designation><use><system value="http://terminology.hl7.org/CodeSystem/hl7TermMaintInfra"/><code value="preferredForLanguage"/></use><value value="Door to Groin"/></designation></concept><concept><code value="D2N"/><display value="Door to Needle"/><definition value="Time (in minutes) from the patient’s arrival at the hospital to the start of intravenous thrombolysis"/><designation><use><system value="http://terminology.hl7.org/CodeSystem/hl7TermMaintInfra"/><code value="preferredForLanguage"/></use><value value="Door to Needle"/></designation></concept></CodeSystem>