<?xml version="1.0" encoding="UTF-8"?><ValueSet xmlns="http://hl7.org/fhir"><id value="specific-finding-codes-vs"/><text><status value="generated"/><div xmlns="http://www.w3.org/1999/xhtml"><p class="res-header-id"><b>Generated Narrative: ValueSet specific-finding-codes-vs</b></p><a name="specific-finding-codes-vs"> </a><a name="hcspecific-finding-codes-vs"> </a><ul><li>Include these codes as defined in <a href="http://www.snomed.org/"><code>http://snomed.info/sct</code></a><span title="Version is not explicity stated. No matching Code System found"> version Not Stated (use latest from terminology server)</span><table class="none"><tr><td style="white-space:nowrap"><b>Code</b></td><td><b>Display</b></td></tr><tr><td><a href="http://snomed.info/id/49436004">49436004</a></td><td>Atrial fibrillation (disorder)</td></tr><tr><td><a href="http://snomed.info/id/5370000">5370000</a></td><td>Atrial flutter (disorder)</td></tr></table></li></ul></div></text><url value="http://testSK.org/ValueSet/specific-finding-codes-vs"/><version value="0.1.0"/><name value="SpecificFindingCodesVS"/><title value="Specific Stroke Finding Codes ValueSet"/><status value="active"/><date value="2025-11-03T16:51:09+00:00"/><publisher value="UMU"/><contact><name value="UMU"/><telecom><system value="url"/><value value="http://testSK.org/umu"/></telecom></contact><description value="Codes for specific clinical findings relevant to stroke (Afib/Flutter status, MTICI score)."/><compose><include><system value="http://snomed.info/sct"/><concept><code value="49436004"/><display value="Atrial fibrillation (disorder)"/></concept><concept><code value="5370000"/><display value="Atrial flutter (disorder)"/></concept></include></compose></ValueSet>