<?xml version="1.0" encoding="UTF-8"?><ValueSet xmlns="http://hl7.org/fhir"><id value="swallow-procedures-vs"/><text><status value="generated"/><div xmlns="http://www.w3.org/1999/xhtml"><p class="res-header-id"><b>Generated Narrative: ValueSet swallow-procedures-vs</b></p><a name="swallow-procedures-vs"> </a><a name="hcswallow-procedures-vs"> </a><p>This value set includes codes based on the following rules:</p><ul><li>Include these codes as defined in <a href="http://www.snomed.org/"><code>http://snomed.info/sct</code></a><span title="Version is not explicity stated. No matching Code System found"> version Not Stated (use latest from terminology server)</span><table class="none"><tr><td style="white-space:nowrap"><b>Code</b></td><td><b>Display</b></td></tr><tr><td><a href="http://snomed.info/id/1290000005">1290000005</a></td><td>Assessment using Gugging Swallowing Screen (procedure)</td></tr><tr><td><a href="http://snomed.info/id/63913004">63913004</a></td><td>Tonography with water provocation (procedure)</td></tr></table></li><li>Include all codes defined in <a href="CodeSystem-swallow-procedures-cs.html"><code>http://testSK.org/CodeSystem/swallow-procedures-cs</code></a><span title="Version is not explicitly stated, which means it is fixed to the version provided in this specification"> version 📦0.1.0</span></li></ul></div></text><url value="http://testSK.org/ValueSet/swallow-procedures-vs"/><version value="0.1.0"/><name value="SwallowProceduresValueset"/><title value="Swallow Procedures ValueSet"/><status value="draft"/><experimental value="true"/><date value="2025-03-31"/><publisher value="UMU"/><contact><name value="UMU"/><telecom><system value="url"/><value value="http://testSK.org/umu"/></telecom></contact><description value="ValueSet containing SNOMED CT codes representing a range of procedures used in the evaluation and management of stroke patients."/><compose><include><system value="http://snomed.info/sct"/><concept><code value="1290000005"/><display value="Assessment using Gugging Swallowing Screen (procedure)"/></concept><concept><code value="63913004"/><display value="Tonography with water provocation (procedure)"/></concept></include><include><system value="http://testSK.org/CodeSystem/swallow-procedures-cs"/></include></compose></ValueSet>