<?xml version="1.0" encoding="UTF-8"?><ValueSet xmlns="http://hl7.org/fhir"><id value="vital-sign-codes-vs"/><text><status value="generated"/><div xmlns="http://www.w3.org/1999/xhtml"><p class="res-header-id"><b>Generated Narrative: ValueSet vital-sign-codes-vs</b></p><a name="vital-sign-codes-vs"> </a><a name="hcvital-sign-codes-vs"> </a><ul><li>Include these codes as defined in <a href="http://www.snomed.org/"><code>http://snomed.info/sct</code></a><span title="Version is not explicity stated. No matching Code System found"> version Not Stated (use latest from terminology server)</span><table class="none"><tr><td style="white-space:nowrap"><b>Code</b></td><td><b>Display</b></td></tr><tr><td><a href="http://snomed.info/id/271649006">271649006</a></td><td>Systolic blood pressure (observable entity)</td></tr><tr><td><a href="http://snomed.info/id/271650006">271650006</a></td><td>Diastolic blood pressure (observable entity)</td></tr></table></li></ul></div></text><url value="http://tecnomod-um.org/ValueSet/vital-sign-codes-vs"/><version value="0.1.0"/><name value="VitalSignCodesVS"/><title value="Stroke Vital Sign Codes ValueSet"/><status value="active"/><experimental value="true"/><date value="2025-11-18T11:17:36+00:00"/><publisher value="UMU"/><contact><name value="UMU"/><telecom><system value="url"/><value value="http://tecnomod-um.org"/></telecom></contact><description value="Codes for key vital signs relevant to stroke assessment (Systolic, Diastolic BP)."/><compose><include><system value="http://snomed.info/sct"/><concept><code value="271649006"/><display value="Systolic blood pressure (observable entity)"/></concept><concept><code value="271650006"/><display value="Diastolic blood pressure (observable entity)"/></concept></include></compose></ValueSet>