<?xml version="1.0" encoding="UTF-8"?><ValueSet xmlns="http://hl7.org/fhir"><id value="discharge-dept-vs"/><text><status value="generated"/><div xmlns="http://www.w3.org/1999/xhtml"><p class="res-header-id"><b>Generated Narrative: ValueSet discharge-dept-vs</b></p><a name="discharge-dept-vs"> </a><a name="hcdischarge-dept-vs"> </a><ul><li>Include all codes defined in <a href="CodeSystem-discharge-dept-cs.html"><code>http://tecnomod-um.org/CodeSystem/discharge-dept-cs</code></a><span title="Version is not explicitly stated, which means it is fixed to the version provided in this specification"> version 📦0.1.0</span></li></ul></div></text><url value="http://tecnomod-um.org/ValueSet/discharge-dept-vs"/><version value="0.1.0"/><name value="DischargeDeptVS"/><title value="Discharge Department/Service ValueSet"/><status value="active"/><date value="2025-11-18T11:17:36+00:00"/><publisher value="UMU"/><contact><name value="UMU"/><telecom><system value="url"/><value value="http://tecnomod-um.org"/></telecom></contact><description value="ValueSet specifying the type of department or service the patient was discharged or transferred to."/><compose><include><system value="http://tecnomod-um.org/CodeSystem/discharge-dept-cs"/></include></compose></ValueSet>