<?xml version="1.0" encoding="UTF-8"?><ValueSet xmlns="http://hl7.org/fhir"><id value="discharge-medication-vs"/><text><status value="generated"/><div xmlns="http://www.w3.org/1999/xhtml"><p class="res-header-id"><b>Generated Narrative: ValueSet discharge-medication-vs</b></p><a name="discharge-medication-vs"> </a><a name="hcdischarge-medication-vs"> </a><p>This value set includes codes based on the following rules:</p><ul><li>Include these codes as defined in <a href="http://www.snomed.org/"><code>http://snomed.info/sct</code></a><span title="Version is not explicity stated. No matching Code System found"> version Not Stated (use latest from terminology server)</span><table class="none"><tr><td style="white-space:nowrap"><b>Code</b></td><td><b>Display</b></td></tr><tr><td><a href="http://snomed.info/id/372756006">372756006</a></td><td>Warfarin (substance)</td></tr><tr><td><a href="http://snomed.info/id/372586001">372586001</a></td><td>Hypotensive agent (substance)</td></tr><tr><td><a href="http://snomed.info/id/372862008">372862008</a></td><td>Anticoagulant (substance)</td></tr><tr><td><a href="http://snomed.info/id/312263009">312263009</a></td><td>Sex hormone (substance)</td></tr><tr><td><a href="http://snomed.info/id/372912004">372912004</a></td><td>Substance with 3-hydroxy-3-methylglutaryl-coenzyme A reductase inhibitor mechanism of action (substance)</td></tr><tr><td><a href="http://snomed.info/id/387458008">387458008</a></td><td>Aspirin (substance)</td></tr><tr><td><a href="http://snomed.info/id/386952008">386952008</a></td><td>Clopidogrel (substance)</td></tr><tr><td><a href="http://snomed.info/id/372877000">372877000</a></td><td>Heparin (substance)</td></tr></table></li><li>Include all codes defined in <a href="CodeSystem-medication-cs.html"><code>http://tecnomod-um.org/CodeSystem/medication-cs</code></a><span title="Version is not explicitly stated, which means it is fixed to the version provided in this specification"> version 📦0.1.0</span></li><li>Import all the codes that are contained in https://hl7.org/fhir/uv/ips/ValueSet-absent-or-unknown-medications-uv-ips.html</li></ul></div></text><url value="http://tecnomod-um.org/ValueSet/medication-vs"/><version value="0.1.0"/><name value="MedicationVS"/><title value="Medications ValueSet"/><status value="draft"/><date value="2025-11-18T10:41:07+00:00"/><publisher value="UMU"/><contact><name value="UMU"/><telecom><system value="url"/><value value="http://tecnomod-um.org"/></telecom></contact><description value="SNOMED CT codes for drug products or substances."/><compose><include><system value="http://snomed.info/sct"/><concept><code value="372756006"/><display value="Warfarin (substance)"/></concept><concept><code value="372586001"/><display value="Hypotensive agent (substance)"/></concept><concept><code value="372862008"/><display value="Anticoagulant (substance)"/></concept><concept><code value="312263009"/><display value="Sex hormone (substance)"/></concept><concept><code value="372912004"/><display value="Substance with 3-hydroxy-3-methylglutaryl-coenzyme A reductase inhibitor mechanism of action (substance)"/></concept><concept><code value="387458008"/><display value="Aspirin (substance)"/></concept><concept><code value="386952008"/><display value="Clopidogrel (substance)"/></concept><concept><code value="372877000"/><display value="Heparin (substance)"/></concept></include><include><system value="http://tecnomod-um.org/CodeSystem/medication-cs"/></include><include><valueSet value="https://hl7.org/fhir/uv/ips/ValueSet-absent-or-unknown-medications-uv-ips.html"/></include></compose></ValueSet>