<?xml version="1.0" encoding="UTF-8"?>

<CodeSystem xmlns="http://hl7.org/fhir">
  <id value="swallow-procedures-cs"/>
  <text>
    <status value="generated"/><div xmlns="http://www.w3.org/1999/xhtml"><p class="res-header-id"><b>Generated Narrative: CodeSystem swallow-procedures-cs</b></p><a name="swallow-procedures-cs"> </a><a name="hcswallow-procedures-cs"> </a><p>This  code system <code>http://tecnomod-um.org/CodeSystem/swallow-procedures-cs</code> defines the following codes:</p><table class="codes"><tr><td style="white-space:nowrap"><b>Code</b></td><td><b>Display</b></td><td><b>Definition</b></td></tr><tr><td style="white-space:nowrap">assist<a name="swallow-procedures-cs-assist"> </a></td><td>ASSIST</td><td>Assisted Swallowing Test (ASSIST)</td></tr><tr><td style="white-space:nowrap">other<a name="swallow-procedures-cs-other"> </a></td><td>Other Swallow Procedure</td><td>Other specified swallowing assessment procedure</td></tr><tr><td style="white-space:nowrap">v-vst<a name="swallow-procedures-cs-v-vst"> </a></td><td>V-VST</td><td>Volume-Viscosity Swallow Test (V-VST)</td></tr></table></div>
  </text>
  <url value="http://tecnomod-um.org/CodeSystem/swallow-procedures-cs"/>
  <version value="0.1.0"/>
  <name value="SwallowProceduresCS"/>
  <title value="Swallow Procedures Code System"/>
  <status value="active"/>
  <date value="2025-11-18T10:43:22+00:00"/>
  <publisher value="UMU"/>
  <contact>
    <name value="UMU"/>
    <telecom>
      <system value="url"/>
      <value value="http://tecnomod-um.org"/>
    </telecom>
  </contact>
  <description value="Codes representing various swallowing assessment procedures."/>
  <content value="complete"/>
  <count value="3"/>
  <concept>
    <code value="assist"/>
    <display value="ASSIST"/>
    <definition value="Assisted Swallowing Test (ASSIST)"/>
  </concept>
  <concept>
    <code value="other"/>
    <display value="Other Swallow Procedure"/>
    <definition value="Other specified swallowing assessment procedure"/>
  </concept>
  <concept>
    <code value="v-vst"/>
    <display value="V-VST"/>
    <definition value="Volume-Viscosity Swallow Test (V-VST)"/>
  </concept>
</CodeSystem>