{
  "codeSystems" : [
    {
      "url" : "http://hl7.org/fhir/CodeSystem/medication-dose-aid",
      "version" : "5.0.0",
      "status" : "active",
      "name" : "MedicationDoseAid",
      "title" : "Medication dose aid",
      "description" : "Medication dose aid",
      "oids" : ["2.16.840.1.113883.4.642.4.2075"],
      "uses" : {
      },
      "http://hl7.org/fhir/R5/valueset-medication-dose-aid.html" : "Medication Dose Aids"
    },
    {
      "url" : "http://hl7.org/fhir/CodeSystem/medication-intended-performer-role",
      "version" : "5.0.0",
      "status" : "active",
      "name" : "MedicationIntendedPerformerRole",
      "title" : "Medication Intended Performer Role",
      "description" : "Medication Intended Performer Role",
      "oids" : ["2.16.840.1.113883.4.642.4.2074"],
      "uses" : {
      },
      "http://hl7.org/fhir/R5/valueset-medication-intended-performer-role.html" : "Medication Intended Performer Role"
    },
    {
      "url" : "http://hl7.org/fhir/CodeSystem/medication-statement-adherence",
      "version" : "5.0.0",
      "status" : "active",
      "name" : "MedicationStatementAdherenceCodes",
      "title" : "MedicationStatement Adherence Codes",
      "description" : "MedicationStatement Adherence Codes",
      "oids" : ["2.16.840.1.113883.4.642.4.1981"],
      "uses" : {
      },
      "http://hl7.org/fhir/R5/valueset-medication-statement-adherence.html" : "MedicationStatement Adherence Codes"
    },
    {
      "url" : "http://hl7.org/fhir/CodeSystem/medication-statement-status",
      "version" : "5.0.0",
      "status" : "active",
      "name" : "MedicationStatementStatusCodes",
      "title" : "MedicationStatement Status Codes",
      "description" : "MedicationStatement Status Codes",
      "oids" : ["2.16.840.1.113883.4.642.4.1980"],
      "uses" : {
      },
      "http://hl7.org/fhir/R5/valueset-medication-statement-status.html" : "MedicationStatement Status Codes"
    },
    {
      "url" : "http://hl7.org/fhir/CodeSystem/medicationrequest-intent",
      "version" : "5.0.0",
      "status" : "active",
      "name" : "MedicationRequestIntentCodes",
      "title" : "MedicationRequest Intent Codes",
      "description" : "MedicationRequest Intent Codes",
      "oids" : ["2.16.840.1.113883.4.642.4.1378"],
      "uses" : {
      },
      "http://hl7.org/fhir/R5/valueset-medicationrequest-intent.html" : "medicationRequest Intent"
    },
    {
      "url" : "http://hl7.org/fhir/CodeSystem/medicationrequest-status",
      "version" : "5.0.0",
      "status" : "active",
      "name" : "MedicationRequestStatusCodes",
      "title" : "MedicationRequest Status Codes",
      "description" : "MedicationRequest Status Codes",
      "oids" : ["2.16.840.1.113883.4.642.4.1377"],
      "uses" : {
      },
      "http://hl7.org/fhir/R5/valueset-medicationrequest-status.html" : "medicationrequest Status"
    },
    {
      "url" : "http://hl7.org/fhir/administrative-gender",
      "version" : "5.0.0",
      "status" : "active",
      "name" : "AdministrativeGender",
      "title" : "AdministrativeGender",
      "description" : "The gender of a person used for administrative purposes.",
      "oids" : ["2.16.840.1.113883.4.642.4.2"],
      "uses" : {
      },
      "http://hl7.org/fhir/R5/valueset-administrative-gender.html" : "AdministrativeGender"
    },
    {
      "url" : "http://hl7.org/fhir/encounter-diagnosis-use",
      "version" : "5.0.0",
      "status" : "active",
      "name" : "EncounterDiagnosisUse",
      "title" : "Encounter Diagnosis Use",
      "description" : "Encounter Condition Use",
      "oids" : ["2.16.840.1.113883.4.642.4.2115"],
      "uses" : {
      },
      "http://hl7.org/fhir/R5/valueset-encounter-diagnosis-use.html" : "Encounter Diagnosis Use"
    },
    {
      "url" : "http://hl7.org/fhir/encounter-location-status",
      "version" : "5.0.0",
      "status" : "active",
      "name" : "EncounterLocationStatus",
      "title" : "Encounter Location Status",
      "description" : "The status of the location.",
      "oids" : [
        "2.16.840.1.113883.4.642.1.258",
        "2.16.840.1.113883.4.642.2.147",
        "2.16.840.1.113883.4.642.4.263"
      ],
      "uses" : {
      },
      "http://hl7.org/fhir/R5/valueset-encounter-location-status.html" : "Encounter Location Status"
    },
    {
      "url" : "http://hl7.org/fhir/encounter-reason-use",
      "version" : "5.0.0",
      "status" : "active",
      "name" : "EncounterReasonUse",
      "title" : "Encounter Reason Use",
      "description" : "Encounter Reason Use",
      "oids" : ["2.16.840.1.113883.4.642.4.2114"],
      "uses" : {
      },
      "http://hl7.org/fhir/R5/valueset-encounter-reason-use.html" : "Encounter Reason Use"
    },
    {
      "url" : "http://hl7.org/fhir/encounter-status",
      "version" : "5.0.0",
      "status" : "active",
      "name" : "EncounterStatus",
      "title" : "Encounter Status",
      "description" : "Current state of the encounter.",
      "oids" : [
        "2.16.840.1.113883.4.642.4.247",
        "2.16.840.1.113883.4.642.1.242"
      ],
      "uses" : {
      },
      "http://hl7.org/fhir/R5/valueset-encounter-status.html" : "Encounter Status"
    },
    {
      "url" : "http://hl7.org/fhir/event-status",
      "version" : "5.0.0",
      "status" : "draft",
      "name" : "EventStatus",
      "title" : "EventStatus",
      "description" : "Codes identifying the lifecycle stage of an event.",
      "oids" : ["2.16.840.1.113883.4.642.4.110"],
      "uses" : {
      },
      "http://hl7.org/fhir/R5/valueset-event-status.html" : "EventStatus"
    },
    {
      "url" : "http://hl7.org/fhir/identifier-use",
      "version" : "5.0.0",
      "status" : "active",
      "name" : "IdentifierUse",
      "title" : "IdentifierUse",
      "description" : "Identifies the purpose for this identifier, if known .",
      "oids" : ["2.16.840.1.113883.4.642.1.58"],
      "uses" : {
      },
      "http://hl7.org/fhir/R5/valueset-identifier-use.html" : "IdentifierUse"
    },
    {
      "url" : "http://hl7.org/fhir/link-type",
      "version" : "5.0.0",
      "status" : "active",
      "name" : "LinkType",
      "title" : "Link Type",
      "description" : "The type of link between this Patient resource and other Patient/RelatedPerson resource(s).",
      "oids" : [
        "2.16.840.1.113883.4.642.1.413",
        "2.16.840.1.113883.4.642.2.234",
        "2.16.840.1.113883.4.642.4.424"
      ],
      "uses" : {
      },
      "http://hl7.org/fhir/R5/valueset-link-type.html" : "Link Type"
    },
    {
      "url" : "http://hl7.org/fhir/observation-referencerange-normalvalue",
      "version" : "5.0.0",
      "status" : "active",
      "name" : "ObservationReferenceRangeNormalValue",
      "title" : "ObservationreferenceRangeNormalValue",
      "description" : "Codes that describe the normal value in the reference range.",
      "oids" : ["2.16.840.1.113883.4.642.4.2099"],
      "uses" : {
      },
      "http://hl7.org/fhir/R5/valueset-observation-referencerange-normalvalue.html" : "Observation Reference Range Normal Value Codes"
    },
    {
      "url" : "http://hl7.org/fhir/observation-status",
      "version" : "5.0.0",
      "status" : "active",
      "name" : "ObservationStatus",
      "title" : "Observation Status",
      "description" : "Codes providing the status of an observation.",
      "oids" : [
        "2.16.840.1.113883.4.642.4.401",
        "2.16.840.1.113883.4.642.1.388",
        "2.16.840.1.113883.4.642.2.219"
      ],
      "uses" : {
      },
      "http://hl7.org/fhir/R5/valueset-observation-status.html" : "Observation Status"
    },
    {
      "url" : "http://hl7.org/fhir/observation-triggeredbytype",
      "version" : "5.0.0",
      "status" : "active",
      "name" : "TriggeredBytype",
      "title" : "triggered Bytype",
      "description" : "Codes providing the triggeredBy type of observation.",
      "oids" : ["2.16.840.1.113883.4.642.4.2098"],
      "uses" : {
      },
      "http://hl7.org/fhir/R5/valueset-observation-triggeredbytype.html" : "triggered Bytype"
    },
    {
      "url" : "http://hl7.org/fhir/quantity-comparator",
      "version" : "5.0.0",
      "status" : "active",
      "name" : "QuantityComparator",
      "title" : "QuantityComparator",
      "description" : "How the Quantity should be understood and represented.",
      "oids" : ["2.16.840.1.113883.4.642.4.60"],
      "uses" : {
      },
      "http://hl7.org/fhir/R5/valueset-quantity-comparator.html" : "QuantityComparator"
    },
    {
      "url" : "http://hl7.org/fhir/request-priority",
      "version" : "5.0.0",
      "status" : "draft",
      "name" : "RequestPriority",
      "title" : "RequestPriority",
      "description" : "Identifies the level of importance to be assigned to actioning the request.",
      "oids" : ["2.16.840.1.113883.4.642.4.116"],
      "uses" : {
      },
      "http://hl7.org/fhir/R5/valueset-request-priority.html" : "RequestPriority"
    },
    {
      "url" : "http://loinc.org",
      "version" : "3.1.0",
      "status" : "active",
      "name" : "LOINC",
      "title" : "Logical Observation Identifiers, Names and Codes (LOINC)",
      "description" : "LOINC provides a set of universal names and ID codes for identifying laboratory and clinical test results.1,2 LOINC facilitates the exchange and pooling of results, such as blood hemoglobin, serum potassium, or vital signs, for clinical care, outcomes management, and research. LOINC's universal identifiers (names and codes) can be used in the context of order and observation exchanges between information systems that use syntax standards such as HL73, CEN TC251, ISO TC215, ASTM4, and DICOM. Specifically, the identifier can be used as the coded value for an observation in any other standard that uses the observation/observation value paradigm, whether messages, documents, application programming interface (API), etc. For example, LOINC codes are used widely in the OBX segment Observation Identifier field (OBX-3) of an ORU HL7 (HL7 version 2.x or ASTM 1238-9410) message that may be sent between a Clinical Laboratory Information Management Systems (LIMS) and Electronic Health Record Systems (EHR).5, 6 In this way, LOINC codes provide universal identifiers that allow the exchange of clinical data between heterogeneous computing environments.",
      "oids" : ["2.16.840.1.113883.6.1"],
      "uses" : {
      },
      "http://hl7.org/fhir/R5/valueset-observation-codes.html" : "LOINC Codes"
    },
    {
      "url" : "http://terminology.hl7.org/CodeSystem/condition-category",
      "version" : "1.0.1",
      "status" : "active",
      "name" : "ConditionCategoryCodes",
      "title" : "Condition Category Codes",
      "description" : "Preferred value set for Condition Categories.",
      "oids" : ["2.16.840.1.113883.4.642.1.1073"],
      "uses" : {
      },
      "http://hl7.org/fhir/R5/valueset-condition-category.html" : "Condition Category Codes"
    },
    {
      "url" : "http://terminology.hl7.org/CodeSystem/condition-clinical",
      "version" : "3.0.0",
      "status" : "active",
      "name" : "ConditionClinicalStatusCodes",
      "title" : "Condition Clinical Status Codes",
      "description" : "Preferred value set for Condition Clinical Status.",
      "oids" : ["2.16.840.1.113883.4.642.1.1074"],
      "uses" : {
      },
      "http://hl7.org/fhir/R5/valueset-condition-clinical.html" : "Condition Clinical Status Codes"
    },
    {
      "url" : "http://terminology.hl7.org/CodeSystem/condition-ver-status",
      "version" : "2.0.1",
      "status" : "active",
      "name" : "ConditionVerificationStatus",
      "title" : "ConditionVerificationStatus",
      "description" : "The verification status to support or decline the clinical status of the condition or diagnosis.",
      "oids" : ["2.16.840.1.113883.4.642.1.1075"],
      "uses" : {
      },
      "http://hl7.org/fhir/R5/valueset-condition-ver-status.html" : "Condition Verification Status"
    },
    {
      "url" : "http://terminology.hl7.org/CodeSystem/data-absent-reason",
      "version" : "1.0.0",
      "status" : "active",
      "name" : "DataAbsentReason",
      "title" : "DataAbsentReason",
      "description" : "Used to specify why the normally expected content of the data element is missing.",
      "oids" : ["2.16.840.1.113883.4.642.4.1048"],
      "uses" : {
      },
      "http://hl7.org/fhir/R5/valueset-data-absent-reason.html" : "Data Absent Reason"
    },
    {
      "url" : "http://terminology.hl7.org/CodeSystem/diet",
      "version" : "1.0.1",
      "status" : "active",
      "name" : "Diet",
      "title" : "Diet",
      "description" : "This value set defines a set of codes that can be used to indicate dietary preferences or restrictions a patient may have.",
      "oids" : ["2.16.840.1.113883.4.642.1.1091"],
      "uses" : {
      },
      "http://hl7.org/fhir/R5/valueset-encounter-diet.html" : "Diet"
    },
    {
      "url" : "http://terminology.hl7.org/CodeSystem/encounter-special-arrangements",
      "version" : "1.0.1",
      "status" : "active",
      "name" : "SpecialArrangements",
      "title" : "Special arrangements",
      "description" : "This value set defines a set of codes that can be used to indicate the kinds of special arrangements in place for a patients visit.",
      "oids" : ["2.16.840.1.113883.4.642.1.1090"],
      "uses" : {
      },
      "http://hl7.org/fhir/R5/valueset-encounter-special-arrangements.html" : "Special Arrangements"
    },
    {
      "url" : "http://terminology.hl7.org/CodeSystem/encounter-subject-status",
      "version" : "2.0.1",
      "status" : "active",
      "name" : "EncounterSubjectStatus",
      "title" : "Encounter subject status",
      "description" : "This example value set defines a set of codes that can be used to indicate the status of the subject within the encounter",
      "oids" : ["2.16.840.1.113883.4.642.1.1420"],
      "uses" : {
      },
      "http://hl7.org/fhir/R5/valueset-encounter-subject-status.html" : "Encounter Subject Status"
    },
    {
      "url" : "http://terminology.hl7.org/CodeSystem/encounter-type",
      "version" : "1.0.1",
      "status" : "active",
      "name" : "EncounterType",
      "title" : "Encounter type",
      "description" : "This example value set defines a set of codes that can be used to indicate the type of encounter: a specific code indicating type of service provided.",
      "oids" : ["2.16.840.1.113883.4.642.1.1088"],
      "uses" : {
      },
      "http://hl7.org/fhir/R5/valueset-encounter-type.html" : "Encounter Type"
    },
    {
      "url" : "http://terminology.hl7.org/CodeSystem/extra-security-role-type",
      "version" : "1.0.1",
      "status" : "active",
      "name" : "SecurityRoleType",
      "title" : "Security Role Type",
      "description" : "This CodeSystem contains Additional FHIR-defined Security Role types not defined elsewhere",
      "uses" : {
      },
      "http://hl7.org/fhir/R5/valueset-participation-role-type.html" : "Participation Role Type"
    },
    {
      "url" : "http://terminology.hl7.org/CodeSystem/location-physical-type",
      "version" : "2.0.1",
      "status" : "active",
      "name" : "LocationType",
      "title" : "Location type",
      "description" : "This example value set defines a set of codes that can be used to indicate the physical form of the Location.\r\rThis includes several 'non physical' codes which are still considered a location.",
      "oids" : ["2.16.840.1.113883.4.642.1.1108"],
      "uses" : {
      },
      "http://hl7.org/fhir/R5/valueset-location-form.html" : "Location Form"
    },
    {
      "url" : "http://terminology.hl7.org/CodeSystem/medicationrequest-admin-location",
      "version" : "1.0.1",
      "status" : "active",
      "name" : "MedicationRequest_Administration_Location_Codes",
      "title" : "Medication request  administration  location  codes",
      "description" : "MedicationRequest Administration Location Codes",
      "oids" : ["2.16.840.1.113883.4.642.1.0"],
      "uses" : {
      },
      "http://hl7.org/fhir/R5/valueset-medicationrequest-admin-location.html" : "medicationRequest Administration Location Codes"
    },
    {
      "url" : "http://terminology.hl7.org/CodeSystem/medicationrequest-course-of-therapy",
      "version" : "1.0.1",
      "status" : "active",
      "name" : "MedicationRequestCourseOfTherapyCodes",
      "title" : "MedicationRequest Course of Therapy Codes",
      "description" : "MedicationRequest Course of Therapy Codes",
      "oids" : ["2.16.840.1.113883.4.642.1.1327"],
      "uses" : {
      },
      "http://hl7.org/fhir/R5/valueset-medicationrequest-course-of-therapy.html" : "medicationRequest Course of Therapy Codes"
    },
    {
      "url" : "http://terminology.hl7.org/CodeSystem/medicationrequest-status-reason",
      "version" : "1.0.1",
      "status" : "active",
      "name" : "MedicationRequestStatusReasonCodes",
      "title" : "MedicationRequest Status Reason Codes",
      "description" : "MedicationRequest Status Reason Codes",
      "oids" : ["2.16.840.1.113883.4.642.1.1325"],
      "uses" : {
      },
      "http://hl7.org/fhir/R5/valueset-medicationrequest-status-reason.html" : "medicationRequest Status Reason Codes"
    },
    {
      "url" : "http://terminology.hl7.org/CodeSystem/observation-category",
      "version" : "1.0.1",
      "status" : "active",
      "name" : "ObservationCategoryCodes",
      "title" : "Observation Category Codes",
      "description" : "Observation Category codes.",
      "oids" : ["2.16.840.1.113883.4.642.1.1125"],
      "uses" : {
      },
      "http://hl7.org/fhir/R5/valueset-observation-category.html" : "Observation Category Codes"
    },
    {
      "url" : "http://terminology.hl7.org/CodeSystem/organization-type",
      "version" : "2.0.1",
      "status" : "active",
      "name" : "OrganizationType",
      "title" : "Organization type",
      "description" : "This example value set defines a set of codes that can be used to indicate a type of organization.",
      "oids" : ["2.16.840.1.113883.4.642.1.1128"],
      "uses" : {
      },
      "http://hl7.org/fhir/R5/valueset-organization-type.html" : "Organization Type"
    },
    {
      "url" : "http://terminology.hl7.org/CodeSystem/participant-type",
      "version" : "1.0.1",
      "status" : "active",
      "name" : "ParticipantType",
      "title" : "Participant type",
      "description" : "This value set defines a set of codes that can be used to indicate how an individual participates in an encounter.",
      "oids" : ["2.16.840.1.113883.4.642.1.1089"],
      "uses" : {
      },
      "http://hl7.org/fhir/R5/valueset-encounter-participant-type.html" : "Participant Type"
    },
    {
      "url" : "http://terminology.hl7.org/CodeSystem/referencerange-meaning",
      "version" : "1.0.1",
      "status" : "active",
      "name" : "ObservationReferenceRangeMeaningCodes",
      "title" : "Observation Reference Range Meaning Codes",
      "description" : "This value set defines a set of codes that can be used to indicate the meaning/use of a reference range for a particular target population.",
      "oids" : ["2.16.840.1.113883.4.642.1.1124"],
      "uses" : {
      },
      "http://hl7.org/fhir/R5/valueset-referencerange-meaning.html" : "Observation Reference Range Meaning Codes"
    },
    {
      "url" : "http://terminology.hl7.org/CodeSystem/service-type",
      "version" : "1.1.1",
      "status" : "active",
      "name" : "ServiceType",
      "title" : "Service type",
      "description" : "This value set defines an example set of codes of service-types.",
      "oids" : ["2.16.840.1.113883.4.642.1.1145"],
      "uses" : {
      },
      "http://hl7.org/fhir/R5/valueset-service-type.html" : "Service Type"
    },
    {
      "url" : "http://terminology.hl7.org/CodeSystem/v2-0092",
      "version" : "2.0.0",
      "status" : "active",
      "name" : "ReAdmissionIndicator",
      "title" : "re-admissionIndicator",
      "description" : "Code system of concepts which are used to specify that a patient is being re admitted to a healthcare facilityin from which they were discharged, and indicates the circumstances around such re-admission.  Used in HL7 Version 2.x messagine in the PV1 segment.",
      "oids" : ["2.16.840.1.113883.18.36"],
      "uses" : {
      },
      "http://terminology.hl7.org/6.5.0/ValueSet-v2-0092.html" : "hl7VS-re-admissionIndicator"
    },
    {
      "url" : "http://terminology.hl7.org/CodeSystem/v2-0131",
      "version" : "2.0.0",
      "status" : "active",
      "name" : "ContactRole2",
      "title" : "contactRole2",
      "description" : "Code system of concepts which specify a relationship role that the next of kin/associated parties plays with regard to the patient. Also used in referrals, for example, it may be necessary to identify the contact representative at the clinic that sent a referral. Used in HL7 Version 2 messaging in the NK1 and CTD segments after 2.5, when it replace 2.16.840.1.113883.18.57.",
      "oids" : ["2.16.840.1.113883.18.58"],
      "uses" : {
      },
      "http://hl7.org/fhir/R5/valueset-patient-contactrelationship.html" : "Patient Contact Relationship "
    },
    {
      "url" : "http://terminology.hl7.org/CodeSystem/v2-0203",
      "version" : "5.0.0",
      "status" : "active",
      "name" : "IdentifierType",
      "title" : "identifierType",
      "description" : "HL7-defined code system of concepts specifying type of identifier. Used in HL7 Version 2.x messaging data types CX, PLN, PPN, XCN and XON.",
      "oids" : ["2.16.840.1.113883.18.108"],
      "uses" : {
      },
      "http://hl7.org/fhir/R5/valueset-identifier-type.html" : "Identifier Type Codes"
    },
    {
      "url" : "http://terminology.hl7.org/CodeSystem/v3-ActCode",
      "version" : "9.0.0",
      "status" : "active",
      "name" : "ActCode",
      "title" : "ActCode",
      "description" : "A code specifying the particular kind of Act that the Act-instance represents within its class.\r\n\r\n*Constraints:* The kind of Act (e.g. physical examination, serum potassium, inpatient encounter, charge financial transaction, etc.) is specified with a code from one of several, typically external, coding systems. The coding system will depend on the class of Act, such as LOINC for observations, etc.\r\n\r\nConceptually, the Act.code must be a specialization of the Act.classCode. This is why the structure of ActClass domain should be reflected in the superstructure of the ActCode domain and then individual codes or externally referenced vocabularies subordinated under these domains that reflect the ActClass structure.\r\n\r\nAct.classCode and Act.code are not modifiers of each other but the Act.code concept should really imply the Act.classCode concept. For a negative example, it is not appropriate to use an Act.code \"potassium\" together with and Act.classCode for \"laboratory observation\" to somehow mean \"potassium laboratory observation\" and then use the same Act.code for \"potassium\" together with Act.classCode for \"medication\" to mean \"substitution of potassium\". This mutually modifying use of Act.code and Act.classCode is not permitted.",
      "oids" : ["2.16.840.1.113883.5.4"],
      "uses" : {
      },
      "http://terminology.hl7.org/6.5.0/ValueSet-encounter-class.html" : "Encounter class"
    },
    {
      "url" : "http://terminology.hl7.org/CodeSystem/v3-ActPriority",
      "version" : "3.0.0",
      "status" : "active",
      "name" : "ActPriority",
      "title" : "ActPriority",
      "description" : "A set of codes (e.g., for routine, emergency), specifying the urgency under which the Act happened, can happen, is happening, is intended to happen, or is requested/demanded to happen.",
      "oids" : ["2.16.840.1.113883.5.7"],
      "uses" : {
      },
      "http://terminology.hl7.org/6.5.0/ValueSet-v3-ActPriority.html" : "ActPriority"
    },
    {
      "url" : "http://terminology.hl7.org/CodeSystem/v3-ActReason",
      "version" : "3.1.0",
      "status" : "active",
      "name" : "ActReason",
      "title" : "ActReason",
      "description" : "A set of codes specifying the motivation, cause, or rationale of an Act, when such rationale is not reasonably represented as an ActRelationship of type \"has reason\" linking to another Act.\r\n\r\n*Examples:* Example reasons that might qualify for being coded in this field might be: \"routine requirement\", \"infectious disease reporting requirement\", \"on patient request\", \"required by law\".",
      "oids" : ["2.16.840.1.113883.5.8"],
      "uses" : {
      },
      "http://terminology.hl7.org/6.5.0/ValueSet-v3-SubstanceAdminSubstitutionReason.html" : "SubstanceAdminSubstitutionReason"
    },
    {
      "url" : "http://terminology.hl7.org/CodeSystem/v3-EncounterSpecialCourtesy",
      "version" : "3.0.0",
      "status" : "active",
      "name" : "EncounterSpecialCourtesy",
      "title" : "EncounterSpecialCourtesy",
      "description" : "**** MISSING DESCRIPTION ****",
      "oids" : ["2.16.840.1.113883.5.40"],
      "uses" : {
      },
      "http://hl7.org/fhir/R5/valueset-encounter-special-courtesy.html" : "Special Courtesy"
    },
    {
      "url" : "http://terminology.hl7.org/CodeSystem/v3-MaritalStatus",
      "version" : "3.0.0",
      "status" : "active",
      "name" : "MaritalStatus",
      "title" : "MaritalStatus",
      "description" : "\\* \\* \\* No description supplied \\* \\* \\*\r\n\r\n*Open Issue:* The specific meanings of these codes can vary somewhat by jurisdiction and implementation so caution should be used when determining equivalency.\r\n\r\n*Open Issue:* fixing and completion of the hierarchy and proper good definitions of all the concepts is badly needed.",
      "oids" : ["2.16.840.1.113883.5.2"],
      "uses" : {
      },
      "http://hl7.org/fhir/R5/valueset-marital-status.html" : "Marital Status Codes"
    },
    {
      "url" : "http://terminology.hl7.org/CodeSystem/v3-NullFlavor",
      "version" : "3.0.0",
      "status" : "active",
      "name" : "NullFlavor",
      "title" : "NullFlavor",
      "description" : "A collection of codes specifying why a valid value is not present.",
      "oids" : ["2.16.840.1.113883.5.1008"],
      "uses" : {
      },
      "http://hl7.org/fhir/R5/valueset-marital-status.html" : "Marital Status Codes",
      "http://hl7.org/fhir/R5/valueset-encounter-special-courtesy.html" : "Special Courtesy"
    },
    {
      "url" : "http://terminology.hl7.org/CodeSystem/v3-ObservationInterpretation",
      "version" : "3.0.0",
      "status" : "active",
      "name" : "ObservationInterpretation",
      "title" : "ObservationInterpretation",
      "description" : "One or more codes providing a rough qualitative interpretation of the observation, such as \"normal\" / \"abnormal\", \"low\" / \"high\", \"better\" / \"worse\", \"resistant\" / \"susceptible\", \"expected\" / \"not expected\". The value set is intended to be for ANY use where coded representation of an interpretation is needed.",
      "oids" : ["2.16.840.1.113883.5.83"],
      "uses" : {
      },
      "http://hl7.org/fhir/R5/valueset-observation-interpretation.html" : "Observation Interpretation Codes"
    },
    {
      "url" : "http://terminology.hl7.org/CodeSystem/v3-ParticipationType",
      "version" : "5.0.0",
      "status" : "active",
      "name" : "ParticipationType",
      "title" : "ParticipationType",
      "description" : "A code specifying the meaning and purpose of every Participation instance. Each of its values implies specific constraints on the Roles undertaking the participation.",
      "oids" : ["2.16.840.1.113883.5.90"],
      "uses" : {
      },
      "http://hl7.org/fhir/R5/valueset-encounter-participant-type.html" : "Participant Type"
    },
    {
      "url" : "http://terminology.hl7.org/CodeSystem/v3-substanceAdminSubstitution",
      "version" : "3.0.0",
      "status" : "active",
      "name" : "SubstanceAdminSubstitution",
      "title" : "Substance Admin Substitution",
      "description" : "Identifies what sort of change is permitted or has occurred between the therapy that was ordered and the therapy that was/will be provided.",
      "oids" : ["2.16.840.1.113883.5.1070"],
      "uses" : {
      },
      "http://terminology.hl7.org/6.5.0/ValueSet-v3-ActSubstanceAdminSubstitutionCode.html" : "ActSubstanceAdminSubstitutionCode"
    },
    {
      "url" : "http://testSK.org/CodeSystem/CodeSystem/discharge-dept-cs",
      "version" : "0.1.0",
      "status" : "active",
      "name" : "DischargeDeptCS",
      "title" : "Discharge Department/Service Code System",
      "description" : "Code system specifying the type of department or service the patient was discharged or transferred to.",
      "uses" : {
      },
      "ValueSet-discharge-dept-vs.html" : "Discharge Department/Service ValueSet"
    },
    {
      "url" : "http://testSK.org/CodeSystem/assessment-context-cs",
      "version" : "0.1.0",
      "status" : "active",
      "name" : "AssessmentContextCS",
      "title" : "Assessment Context Code System",
      "description" : "Codes defining the context or timing of a clinical assessment, particularly functional scores.",
      "uses" : {
      },
      "ValueSet-assessment-context-vs.html" : "Assessment Context ValueSet"
    },
    {
      "url" : "http://testSK.org/CodeSystem/brain-imaging-type-cs",
      "version" : "0.1.0",
      "status" : "active",
      "name" : "BrainImagingTypeCS",
      "title" : "Brain Imaging Type Code System",
      "description" : "Codes specifying the type of brain imaging performed (e.g., CT, MRI).",
      "uses" : {
      },
      "ValueSet-brain-imaging-modality-vs.html" : "Brain Imaging Modality ValueSet"
    },
    {
      "url" : "http://testSK.org/CodeSystem/hemorrhagic-stroke-bleeding-reason-cs",
      "version" : "0.1.0",
      "status" : "active",
      "name" : "HemorrhagicStrokeBleedingReasonCS",
      "title" : "Hemorrhagic Stroke Bleeding Reason Code System",
      "description" : "Codes indicating the reason for bleeding in hemorrhagic stroke cases.",
      "uses" : {
      },
      "ValueSet-hemorrhagic-stroke-bleeding-reason-vs.html" : "Hemorrhagic Stroke Bleeding Reason ValueSet"
    },
    {
      "url" : "http://testSK.org/CodeSystem/initial-care-intensity-cs",
      "version" : "0.1.0",
      "status" : "active",
      "name" : "InitialCareIntensityCS",
      "title" : "Initial Care Intensity Code System",
      "description" : "Codes indicating the level of care provided during the patient's initial day(s) in the hospital.",
      "uses" : {
      },
      "ValueSet-initial-care-intensity-vs.html" : "Initial Care Intensity ValueSet"
    },
    {
      "url" : "http://testSK.org/CodeSystem/medication-cs",
      "version" : "0.1.0",
      "status" : "draft",
      "name" : "MedicationCS",
      "title" : "Medications CodeSystem",
      "description" : "Codes for drug products or substances representing the Medications on the patient discharge.",
      "uses" : {
      },
      "ValueSet-medication-vs.html" : "Medications ValueSet"
    },
    {
      "url" : "http://testSK.org/CodeSystem/mrs-score-cs",
      "version" : "0.1.0",
      "status" : "active",
      "name" : "MRsScoreCS",
      "title" : "modified Rankin Scale (mRS) Score Code System",
      "description" : "Codes representing the modified Rankin Scale (mRS) score for functional outcome.",
      "uses" : {
      },
      "ValueSet-mrs-score-vs.html" : "modified Rankin Scale (mRS) Score ValueSet"
    },
    {
      "url" : "http://testSK.org/CodeSystem/mtici-code-cs",
      "version" : "0.1.0",
      "status" : "active",
      "name" : "MTICICodeCS",
      "title" : "mTICI Score Codes CodeSystem",
      "description" : "Codes representing the mTICI score used to assess the degree of reperfusion after a thrombectomy procedure.",
      "uses" : {
      },
      "ValueSet-mtici-code-vs.html" : "mTICI Score Codes ValueSet"
    },
    {
      "url" : "http://testSK.org/CodeSystem/mtici-score-cs",
      "version" : "0.1.0",
      "status" : "draft",
      "name" : "MticiScoreCS",
      "title" : "MTICI Score Code System",
      "description" : "CodeSystem containing the codes to represent the MTICI score.",
      "uses" : {
      },
      "ValueSet-mtici-score-vs.html" : "MTICI Score ValueSet"
    },
    {
      "url" : "http://testSK.org/CodeSystem/procedure-timing-context-cs",
      "version" : "0.1.0",
      "status" : "active",
      "name" : "ProcedureTimingContextCS",
      "title" : "Procedure Timing Context Code System",
      "description" : "Codes defining the timing phase of a procedure relative to the encounter start (e.g., acute vs. post-acute).",
      "uses" : {
      },
      "ValueSet-procedure-timing-context-vs.html" : "Procedure Timing Context ValueSet"
    },
    {
      "url" : "http://testSK.org/CodeSystem/stroke-arrival-mode-cs",
      "version" : "0.1.0",
      "status" : "active",
      "name" : "StrokeArrivalModeCS",
      "title" : "Initial Care Intensity Code System",
      "description" : "Codes indicating the level of care provided during the patient's initial day(s) in the hospital.",
      "uses" : {
      },
      "ValueSet-stroke-arrival-mode-vs.html" : "Stroke Arrival Mode ValueSet"
    },
    {
      "url" : "http://testSK.org/CodeSystem/stroke-circumstance-codes-cs",
      "version" : "0.1.0",
      "status" : "active",
      "name" : "StrokeCircumstanceCodesCS",
      "title" : "Stroke Circumstance Codes CodeSystem",
      "description" : "Codes for findings related to the circumstances of stroke onset (In-hospital, Wake-up).",
      "uses" : {
      },
      "ValueSet-stroke-circumstance-codes-vs.html" : "Stroke Circumstance Codes ValueSet"
    },
    {
      "url" : "http://testSK.org/CodeSystem/stroke-discharge-destination-cs",
      "version" : "0.1.0",
      "status" : "active",
      "name" : "StrokeDischargeDestinationCS",
      "title" : "Stroke Discharge Destination Code System",
      "description" : "Codes indicating the possible destinations of the patient upon discharge from the encounter.",
      "uses" : {
      },
      "ValueSet-stroke-discharge-destination-vs.html" : "Stroke Discharge Destination ValueSet"
    },
    {
      "url" : "http://testSK.org/CodeSystem/stroke-etiology-cs",
      "version" : "0.1.0",
      "status" : "active",
      "name" : "StrokeEtiologyCS",
      "title" : "Stroke Etiology Code System",
      "description" : "Codes indicating the etiology of strokes.",
      "uses" : {
      },
      "ValueSet-stroke-etiology-vs.html" : "Stroke Etiology ValueSet"
    },
    {
      "url" : "http://testSK.org/CodeSystem/stroke-proc-not-done-reason-cs",
      "version" : "0.1.0",
      "status" : "active",
      "name" : "StrokeProcNotDoneReasonCS",
      "title" : "Stroke Procedure Not Done Reason Code System",
      "description" : "Codes specifying the reason principal for not performing a key stroke procedure (Thrombolysis, Thrombectomy).",
      "uses" : {
      },
      "ValueSet-stroke-proc-not-done-reason-vs.html" : "Stroke Procedure Not Done Reason ValueSet"
    },
    {
      "url" : "http://testSK.org/CodeSystem/swallow-procedures-cs",
      "version" : "0.1.0",
      "status" : "active",
      "name" : "SwallowProceduresCS",
      "title" : "Swallow Procedures Code System",
      "description" : "Codes representing various swallowing assessment procedures.",
      "uses" : {
      },
      "ValueSet-swallow-procedures-vs.html" : "Swallow Procedures ValueSet"
    },
    {
      "url" : "http://testSK.org/CodeSystem/swallow-screen-time-cs",
      "version" : "0.1.0",
      "status" : "active",
      "name" : "SwallowScreenTimeCS",
      "title" : "Swallowing Screening Timing Category Code System",
      "description" : "Temporal categories relative to stroke onset for swallowing screening.",
      "uses" : {
      },
      "ValueSet-swallowing-screening-timing-category-vs.html" : "Swallowing Screening Timing Category ValueSet"
    },
    {
      "url" : "http://testSK.org/CodeSystem/timing-metric-codes-cs",
      "version" : "0.1.0",
      "status" : "active",
      "name" : "TimingMetricCodesCS",
      "title" : "Stroke Timing Metric Codes ValueSet",
      "description" : "Codes for key process timing metrics in acute stroke care (D2N, D2G).",
      "uses" : {
      },
      "ValueSet-timing-metric-codes-vs.html" : "Stroke Timing Metric Codes ValueSet"
    },
    {
      "url" : "urn:ietf:bcp:47",
      "version" : "2.0.1",
      "status" : "active",
      "name" : "Ietf3066",
      "title" : "Tags for the Identification of Languages",
      "description" : "Older value from OID registry.  Superceded; see recommendations in BCP-47.",
      "oids" : ["2.16.840.1.113883.6.121"],
      "uses" : {
      },
      "http://hl7.org/fhir/R5/valueset-languages.html" : "Common Languages",
      "http://hl7.org/fhir/R5/valueset-all-languages.html" : "All Languages"
    },
    {
      "url" : "urn:iso:std:iso:11073:10101",
      "version" : "20250520",
      "status" : "active",
      "name" : "Mdc",
      "title" : "ISO/IEEE 11073 Medical Device Communication Nomenclature",
      "description" : "The nomenclature relates primarily to vital signs monitoring, but also includes semantics of other medical devices that are commonly used in acute care settings. There are multiple coding partitions each of which has a systematic name consisting of a set of base concepts and differentiating criteria.",
      "oids" : ["2.16.840.1.113883.6.24"],
      "uses" : {
      },
      "http://hl7.org/fhir/R5/valueset-device-type.html" : "Device Type"
    }
  ]
}
