{
  "resourceType" : "CodeSystem",
  "id" : "swallow-screen-time-cs",
  "text" : {
    "status" : "generated",
    "div" : "<div xmlns=\"http://www.w3.org/1999/xhtml\"><p class=\"res-header-id\"><b>Generated Narrative: CodeSystem swallow-screen-time-cs</b></p><a name=\"swallow-screen-time-cs\"> </a><a name=\"hcswallow-screen-time-cs\"> </a><p>This case-insensitive code system <code>http://tecnomod-um.org/CodeSystem/swallow-screen-time-cs</code> defines the following code:</p><table class=\"codes\"><tr><td style=\"white-space:nowrap\"><b>Code</b></td><td><b>Display</b></td><td><b>Definition</b></td></tr><tr><td style=\"white-space:nowrap\">T4H<a name=\"swallow-screen-time-cs-T4H\"> </a></td><td>Within 4 hours</td><td>Screening performed within 4 hours of symptom onset.</td></tr></table></div>"
  },
  "url" : "http://tecnomod-um.org/CodeSystem/swallow-screen-time-cs",
  "version" : "0.1.0",
  "name" : "SwallowScreenTimeCS",
  "title" : "Swallowing Screening Timing Category Code System",
  "status" : "active",
  "experimental" : true,
  "date" : "2025-11-18T10:45:59+00:00",
  "publisher" : "UMU",
  "contact" : [{
    "name" : "UMU",
    "telecom" : [{
      "system" : "url",
      "value" : "http://tecnomod-um.org"
    }]
  }],
  "description" : "Temporal categories relative to stroke onset for swallowing screening.",
  "caseSensitive" : false,
  "content" : "complete",
  "count" : 1,
  "concept" : [{
    "code" : "T4H",
    "display" : "Within 4 hours",
    "definition" : "Screening performed within 4 hours of symptom onset."
  }]
}