{
  "resourceType" : "CodeSystem",
  "id" : "timing-metric-codes-cs",
  "text" : {
    "status" : "generated",
    "div" : "<div xmlns=\"http://www.w3.org/1999/xhtml\"><p class=\"res-header-id\"><b>Generated Narrative: CodeSystem timing-metric-codes-cs</b></p><a name=\"timing-metric-codes-cs\"> </a><a name=\"hctiming-metric-codes-cs\"> </a><p>This  code system <code>http://testSK.org/CodeSystem/timing-metric-codes-cs</code> defines the following codes:</p><table class=\"codes\"><tr><td style=\"white-space:nowrap\"><b>Code</b></td><td><b>Display</b></td><td><b>Definition</b></td></tr><tr><td style=\"white-space:nowrap\">D2G<a name=\"timing-metric-codes-cs-D2G\"> </a></td><td>Door to Groin</td><td>Time (in minutes) from hospital arrival to the groin puncture for mechanical thrombectomy</td></tr><tr><td style=\"white-space:nowrap\">D2N<a name=\"timing-metric-codes-cs-D2N\"> </a></td><td>Door to Needle</td><td>Time (in minutes) from the patient’s arrival at the hospital to the start of intravenous thrombolysis</td></tr></table></div>"
  },
  "url" : "http://testSK.org/CodeSystem/timing-metric-codes-cs",
  "version" : "0.1.0",
  "name" : "TimingMetricCodesCS",
  "title" : "Stroke Timing Metric Codes ValueSet",
  "status" : "active",
  "date" : "2025-10-23T09:05:48+00:00",
  "publisher" : "UMU",
  "contact" : [{
    "name" : "UMU",
    "telecom" : [{
      "system" : "url",
      "value" : "http://testSK.org/umu"
    }]
  }],
  "description" : "Codes for key process timing metrics in acute stroke care (D2N, D2G).",
  "content" : "complete",
  "count" : 2,
  "concept" : [{
    "code" : "D2G",
    "display" : "Door to Groin",
    "definition" : "Time (in minutes) from hospital arrival to the groin puncture for mechanical thrombectomy"
  },
  {
    "code" : "D2N",
    "display" : "Door to Needle",
    "definition" : "Time (in minutes) from the patient’s arrival at the hospital to the start of intravenous thrombolysis"
  }]
}