<?xml version="1.0" encoding="UTF-8"?>

<CodeSystem xmlns="http://hl7.org/fhir">
  <id value="medication-statement-cs"/>
  <text>
    <status value="generated"/><div xmlns="http://www.w3.org/1999/xhtml"><p class="res-header-id"><b>Generated Narrative: CodeSystem medication-statement-cs</b></p><a name="medication-statement-cs"> </a><a name="hcmedication-statement-cs"> </a><p>This  code system <code>http://testSK.org/CodeSystem/medication-statement-cs</code> defines the following codes:</p><table class="codes"><tr><td style="white-space:nowrap"><b>Code</b></td><td><b>Display</b></td><td><b>Definition</b></td></tr><tr><td style="white-space:nowrap">antidiabetic<a name="medication-statement-cs-antidiabetic"> </a></td><td>Any Antidiabetic</td><td>The patient was taking antidiabetic medication prior to hospital admission or before the stroke event</td></tr><tr><td style="white-space:nowrap">antiplatelet<a name="medication-statement-cs-antiplatelet"> </a></td><td>Any Antiplatelet</td><td>The patient was taking antiplatelet medication prior to hospital admission or before the stroke event</td></tr><tr><td style="white-space:nowrap">aspirin<a name="medication-statement-cs-aspirin"> </a></td><td>Aspirin</td><td>The patient was taking aspirin (acetylsalicylic acid) prior to hospital admission or before the stroke event</td></tr><tr><td style="white-space:nowrap">clopidogrel<a name="medication-statement-cs-clopidogrel"> </a></td><td>Clopidogrel</td><td>The patient was taking clopidogrel prior to hospital admission or before the stroke event</td></tr></table></div>
  </text>
  <url value="http://testSK.org/CodeSystem/medication-statement-cs"/>
  <version value="0.1.0"/>
  <name value="MedicationStatementCS"/>
  <title value="MedicationStatement CodeSystem"/>
  <status value="draft"/>
  <date value="2025-10-23T09:05:48+00:00"/>
  <publisher value="UMU"/>
  <contact>
    <name value="UMU"/>
    <telecom>
      <system value="url"/>
      <value value="http://testSK.org/umu"/>
    </telecom>
  </contact>
  <description value="Codes representing various medication-related procedures and findings (e.g., therapies, administration procedures, findings about use)."/>
  <content value="complete"/>
  <count value="4"/>
  <concept>
    <code value="antidiabetic"/>
    <display value="Any Antidiabetic"/>
    <definition value="The patient was taking antidiabetic medication prior to hospital admission or before the stroke event"/>
  </concept>
  <concept>
    <code value="antiplatelet"/>
    <display value="Any Antiplatelet"/>
    <definition value="The patient was taking antiplatelet medication prior to hospital admission or before the stroke event"/>
  </concept>
  <concept>
    <code value="aspirin"/>
    <display value="Aspirin"/>
    <definition value="The patient was taking aspirin (acetylsalicylic acid) prior to hospital admission or before the stroke event"/>
  </concept>
  <concept>
    <code value="clopidogrel"/>
    <display value="Clopidogrel"/>
    <definition value="The patient was taking clopidogrel prior to hospital admission or before the stroke event"/>
  </concept>
</CodeSystem>