{
  "resourceType" : "Procedure",
  "id" : "StrokeSwallowingExample",
  "meta" : {
    "profile" : ["http://testSK.org/StructureDefinition/stroke-swallow-procedure-profile"]
  },
  "text" : {
    "status" : "extensions",
    "div" : "<div xmlns=\"http://www.w3.org/1999/xhtml\"><p class=\"res-header-id\"><b>Generated Narrative: Procedure StrokeSwallowingExample</b></p><a name=\"StrokeSwallowingExample\"> </a><a name=\"hcStrokeSwallowingExample\"> </a><div style=\"display: inline-block; background-color: #d9e0e7; padding: 6px; margin: 4px; border: 1px solid #8da1b4; border-radius: 5px; line-height: 60%\"><p style=\"margin-bottom: 0px\"/><p style=\"margin-bottom: 0px\">Profile: <a href=\"StructureDefinition-stroke-swallow-procedure-profile.html\">Stroke Swallow Procedure Profile (R5)</a></p></div><p><b>Swallowing Screening Timing Category</b>: <span title=\"Codes:{http://testSK.org/CodeSystem/swallow-screen-time-cs T4H}\">Within 4 hours</span></p><p><b>Procedure Timing Context Extension</b>: <span title=\"Codes:{http://testSK.org/CodeSystem/procedure-timing-context-cs acute}\">Acute Phase (&lt;24h)</span></p><p><b>status</b>: Completed</p><p><b>code</b>: <span title=\"Codes:{http://snomed.info/sct 1290000005}\">Assessment using Gugging Swallowing Screen (procedure)</span></p><p><b>subject</b>: <a href=\"Patient-example-patient.html\">Anonymous Patient (no stated gender), DoB Unknown</a></p><p><b>occurrence</b>: 2025-03-01 10:00:00+0000</p><h3>Useds</h3><table class=\"grid\"><tr><td style=\"display: none\">-</td><td><b>Concept</b></td></tr><tr><td style=\"display: none\">*</td><td><span title=\"Codes:{http://snomed.info/sct 1290000005}\">Assessment using Gugging Swallowing Screen (procedure)</span></td></tr></table></div>"
  },
  "extension" : [{
    "url" : "http://testSK.org/StructureDefinition/swallowing-screening-timing-category-ext",
    "valueCodeableConcept" : {
      "coding" : [{
        "system" : "http://testSK.org/CodeSystem/swallow-screen-time-cs",
        "code" : "T4H",
        "display" : "Within 4 hours"
      }]
    }
  },
  {
    "url" : "http://testSK.org/StructureDefinition/procedure-timing-context-ext",
    "valueCodeableConcept" : {
      "coding" : [{
        "system" : "http://testSK.org/CodeSystem/procedure-timing-context-cs",
        "code" : "acute",
        "display" : "Acute Phase (<24h)"
      }]
    }
  }],
  "status" : "completed",
  "code" : {
    "coding" : [{
      "system" : "http://snomed.info/sct",
      "code" : "1290000005",
      "display" : "Assessment using Gugging Swallowing Screen (procedure)"
    }]
  },
  "subject" : {
    "reference" : "Patient/example-patient"
  },
  "occurrenceDateTime" : "2025-03-01T10:00:00Z",
  "used" : [{
    "concept" : {
      "coding" : [{
        "system" : "http://snomed.info/sct",
        "code" : "1290000005",
        "display" : "Assessment using Gugging Swallowing Screen (procedure)"
      }]
    }
  }]
}