<?xml version="1.0" encoding="UTF-8"?>

<ValueSet xmlns="http://hl7.org/fhir">
  <id value="stroke-arrival-mode-vs"/>
  <text>
    <status value="generated"/><div xmlns="http://www.w3.org/1999/xhtml"><p class="res-header-id"><b>Generated Narrative: ValueSet stroke-arrival-mode-vs</b></p><a name="stroke-arrival-mode-vs"> </a><a name="hcstroke-arrival-mode-vs"> </a><ul><li>Include all codes defined in <a href="CodeSystem-stroke-arrival-mode-cs.html"><code>http://testSK.org/CodeSystem/stroke-arrival-mode-cs</code></a><span title="Version is not explicitly stated, which means it is fixed to the version provided in this specification"> version &#x1F4E6;0.1.0</span></li></ul></div>
  </text>
  <url value="http://testSK.org/ValueSet/stroke-arrival-mode-vs"/>
  <version value="0.1.0"/>
  <name value="StrokeArrivalModeVS"/>
  <title value="Stroke Arrival Mode ValueSet"/>
  <status value="active"/>
  <date value="2025-11-03T16:51:09+00:00"/>
  <publisher value="UMU"/>
  <contact>
    <name value="UMU"/>
    <telecom>
      <system value="url"/>
      <value value="http://testSK.org/umu"/>
    </telecom>
  </contact>
  <description value="ValueSet specifying the mode and origin of the patient's arrival."/>
  <compose>
    <include>
      <system value="http://testSK.org/CodeSystem/stroke-arrival-mode-cs"/>
    </include>
  </compose>
</ValueSet>