<?xml version="1.0" encoding="UTF-8"?>

<ValueSet xmlns="http://hl7.org/fhir">
  <id value="timing-metric-codes-vs"/>
  <text>
    <status value="generated"/><div xmlns="http://www.w3.org/1999/xhtml"><p class="res-header-id"><b>Generated Narrative: ValueSet timing-metric-codes-vs</b></p><a name="timing-metric-codes-vs"> </a><a name="hctiming-metric-codes-vs"> </a><ul><li>Include all codes defined in <a href="CodeSystem-timing-metric-codes-cs.html"><code>http://tecnomod-um.org/CodeSystem/timing-metric-codes-cs</code></a><span title="Version is not explicitly stated, which means it is fixed to the version provided in this specification"> version &#x1F4E6;0.1.0</span></li></ul></div>
  </text>
  <url value="http://tecnomod-um.org/ValueSet/timing-metric-codes-vs"/>
  <version value="0.1.0"/>
  <name value="TimingMetricCodesVS"/>
  <title value="Stroke Timing Metric Codes ValueSet"/>
  <status value="active"/>
  <date value="2025-11-18T10:22:08+00:00"/>
  <publisher value="UMU"/>
  <contact>
    <name value="UMU"/>
    <telecom>
      <system value="url"/>
      <value value="http://tecnomod-um.org"/>
    </telecom>
  </contact>
  <description value="ValueSet for key process timing metrics in acute stroke care (D2N, D2G)."/>
  <compose>
    <include>
      <system value="http://tecnomod-um.org/CodeSystem/timing-metric-codes-cs"/>
    </include>
  </compose>
</ValueSet>