<?xml version="1.0" encoding="UTF-8"?>

<ValueSet xmlns="http://hl7.org/fhir">
  <id value="stroke-risk-factor-vs"/>
  <text>
    <status value="generated"/><div xmlns="http://www.w3.org/1999/xhtml"><p class="res-header-id"><b>Generated Narrative: ValueSet stroke-risk-factor-vs</b></p><a name="stroke-risk-factor-vs"> </a><a name="hcstroke-risk-factor-vs"> </a><p>This value set includes codes based on the following rules:</p><ul><li>Import all the codes that are contained in <a href="ValueSet-stroke-risk-factor-snomed-vs.html">Stroke Risk Factor ValueSet</a></li><li>Import all the codes that are contained in http://hl7.org/fhir/uv/ips/ValueSet/absent-or-unknown-problems-uv-ips</li></ul></div>
  </text>
  <url value="http://tecnomod-um.org/ValueSet/stroke-risk-factor-vs"/>
  <version value="0.1.0"/>
  <name value="StrokeRiskFactorValueSet"/>
  <title value="Stroke Risk Factor ValueSet"/>
  <status value="active"/>
  <experimental value="false"/>
  <date value="2025-10-07"/>
  <publisher value="UMU"/>
  <contact>
    <name value="UMU"/>
    <telecom>
      <system value="url"/>
      <value value="http://tecnomod-um.org"/>
    </telecom>
  </contact>
  <description value="Defines the SNOMED CT codes for conditions or risk factors relevant to stroke, including an option for unknown status."/>
  <immutable value="false"/>
  <purpose value="To aggregate core stroke risk factors and unknown/absent problem concepts for comprehensive capture and validation."/>
  <copyright value="This value set includes SNOMED CT® content and may include HL7 IPS value set content. SNOMED CT® is distributed by SNOMED International."/>
  <compose>
    <include>
      <valueSet value="http://tecnomod-um.org/ValueSet/stroke-risk-factor-snomed-vs"/>
    </include>
    <include>
      <valueSet value="http://hl7.org/fhir/uv/ips/ValueSet/absent-or-unknown-problems-uv-ips"/>
    </include>
  </compose>
</ValueSet>