<?xml version="1.0" encoding="UTF-8"?>

<ValueSet xmlns="http://hl7.org/fhir">
  <id value="hemorrhagic-stroke-bleeding-reason-vs"/>
  <text>
    <status value="generated"/><div xmlns="http://www.w3.org/1999/xhtml"><p class="res-header-id"><b>Generated Narrative: ValueSet hemorrhagic-stroke-bleeding-reason-vs</b></p><a name="hemorrhagic-stroke-bleeding-reason-vs"> </a><a name="hchemorrhagic-stroke-bleeding-reason-vs"> </a><ul><li>Include all codes defined in <a href="CodeSystem-hemorrhagic-stroke-bleeding-reason-cs.html"><code>http://tecnomod-um.org/CodeSystem/hemorrhagic-stroke-bleeding-reason-cs</code></a><span title="Version is not explicitly stated, which means it is fixed to the version provided in this specification"> version &#x1F4E6;0.1.0</span></li></ul></div>
  </text>
  <url value="http://tecnomod-um.org/ValueSet/hemorrhagic-stroke-bleeding-reason-vs"/>
  <version value="0.1.0"/>
  <name value="HemorrhagicStrokeBleedingReasonVS"/>
  <title value="Hemorrhagic Stroke Bleeding Reason ValueSet"/>
  <status value="draft"/>
  <experimental value="true"/>
  <date value="2025-09-08"/>
  <publisher value="UMU"/>
  <contact>
    <name value="UMU"/>
    <telecom>
      <system value="url"/>
      <value value="http://tecnomod-um.org"/>
    </telecom>
  </contact>
  <description value="Specifies the identified cause of a hemorrhagic stroke, typically used with an extension."/>
  <immutable value="false"/>
  <purpose value="To enable consistent capture of the underlying cause of bleeding in hemorrhagic stroke."/>
  <copyright value="© Tecnomod. This value set includes locally defined codes."/>
  <compose>
    <include>
      <system value="http://tecnomod-um.org/CodeSystem/hemorrhagic-stroke-bleeding-reason-cs"/>
    </include>
  </compose>
</ValueSet>