<?xml version="1.0" encoding="UTF-8"?>

<ValueSet xmlns="http://hl7.org/fhir">
  <id value="swallowing-screening-timing-category-vs"/>
  <text>
    <status value="generated"/><div xmlns="http://www.w3.org/1999/xhtml"><p class="res-header-id"><b>Generated Narrative: ValueSet swallowing-screening-timing-category-vs</b></p><a name="swallowing-screening-timing-category-vs"> </a><a name="hcswallowing-screening-timing-category-vs"> </a><p>This value set includes codes based on the following rules:</p><ul><li>Include all codes defined in <a href="CodeSystem-swallow-screen-time-cs.html"><code>http://tecnomod-um.org/CodeSystem/swallow-screen-time-cs</code></a><span title="Version is not explicitly stated, which means it is fixed to the version provided in this specification"> version &#x1F4E6;0.1.0</span></li><li>Include these codes as defined in <a href="http://www.snomed.org/"><code>http://snomed.info/sct</code></a><span title="Version is not explicity stated. No matching Code System found"> version Not Stated (use latest from terminology server)</span><table class="none"><tr><td style="white-space:nowrap"><b>Code</b></td><td><b>Display</b></td></tr><tr><td><a href="http://snomed.info/id/281380002">281380002</a></td><td>24 hours post admission (qualifier value)</td></tr><tr><td><a href="http://snomed.info/id/281381003">281381003</a></td><td>More than 24 hours after admission (qualifier value)</td></tr></table></li></ul></div>
  </text>
  <url value="http://tecnomod-um.org/ValueSet/swallowing-screening-timing-category-vs"/>
  <version value="0.1.0"/>
  <name value="SwallowingScreeningTimingCategoryVS"/>
  <title value="Swallowing Screening Timing Category ValueSet"/>
  <status value="active"/>
  <date value="2025-11-18T11:54:03+00:00"/>
  <publisher value="UMU"/>
  <contact>
    <name value="UMU"/>
    <telecom>
      <system value="url"/>
      <value value="http://tecnomod-um.org"/>
    </telecom>
  </contact>
  <description value="Temporal categories relative to stroke onset for swallowing screening."/>
  <compose>
    <include>
      <system value="http://tecnomod-um.org/CodeSystem/swallow-screen-time-cs"/>
    </include>
    <include>
      <system value="http://snomed.info/sct"/>
      <concept>
        <code value="281380002"/>
        <display value="24 hours post admission (qualifier value)"/>
      </concept>
      <concept>
        <code value="281381003"/>
        <display value="More than 24 hours after admission (qualifier value)"/>
      </concept>
    </include>
  </compose>
</ValueSet>