{"resourceType":"CodeSystem","id":"initial-care-intensity-cs","text":{"status":"generated","div":"<div xmlns=\"http://www.w3.org/1999/xhtml\"><p class=\"res-header-id\"><b>Generated Narrative: CodeSystem initial-care-intensity-cs</b></p><a name=\"initial-care-intensity-cs\"> </a><a name=\"hcinitial-care-intensity-cs\"> </a><p>This case-insensitive code system <code>http://tecnomod-um.org/CodeSystem/initial-care-intensity-cs</code> defines the following codes:</p><table class=\"codes\"><tr><td style=\"white-space:nowrap\"><b>Code</b></td><td><b>Display</b></td><td><b>Definition</b></td></tr><tr><td style=\"white-space:nowrap\">standard<a name=\"initial-care-intensity-cs-standard\"> </a></td><td>Standard Bed</td><td>Patient placed in a standard hospital bed without continuous monitoring.</td></tr><tr><td style=\"white-space:nowrap\">monitored<a name=\"initial-care-intensity-cs-monitored\"> </a></td><td>Monitored Bed</td><td>Patient placed in a bed with continuous telemetry or other monitoring (outside ICU).</td></tr><tr><td style=\"white-space:nowrap\">icu-stroke<a name=\"initial-care-intensity-cs-icu-stroke\"> </a></td><td>ICU / Stroke Unit</td><td>Patient placed in an Intensive Care Unit or specialized Stroke Unit.</td></tr></table></div>"},"url":"http://tecnomod-um.org/CodeSystem/initial-care-intensity-cs","version":"0.1.0","name":"InitialCareIntensityCS","title":"Initial Care Intensity Code System","status":"active","experimental":true,"date":"2025-11-18T10:45:59+00:00","publisher":"UMU","contact":[{"name":"UMU","telecom":[{"system":"url","value":"http://tecnomod-um.org"}]}],"description":"Codes indicating the level of care provided during the patient's initial day(s) in the hospital.","caseSensitive":false,"content":"complete","count":3,"concept":[{"code":"standard","display":"Standard Bed","definition":"Patient placed in a standard hospital bed without continuous monitoring.","designation":[{"use":{"system":"http://terminology.hl7.org/CodeSystem/hl7TermMaintInfra","code":"preferredForLanguage"},"value":"Standard Bed"}]},{"code":"monitored","display":"Monitored Bed","definition":"Patient placed in a bed with continuous telemetry or other monitoring (outside ICU).","designation":[{"use":{"system":"http://terminology.hl7.org/CodeSystem/hl7TermMaintInfra","code":"preferredForLanguage"},"value":"Monitored Bed"}]},{"code":"icu-stroke","display":"ICU / Stroke Unit","definition":"Patient placed in an Intensive Care Unit or specialized Stroke Unit.","designation":[{"use":{"system":"http://terminology.hl7.org/CodeSystem/hl7TermMaintInfra","code":"preferredForLanguage"},"value":"ICU / Stroke Unit"}]}]}