{"resourceType":"CodeSystem","id":"stroke-circumstance-codes-cs","text":{"status":"generated","div":"<div xmlns=\"http://www.w3.org/1999/xhtml\"><p class=\"res-header-id\"><b>Generated Narrative: CodeSystem stroke-circumstance-codes-cs</b></p><a name=\"stroke-circumstance-codes-cs\"> </a><a name=\"hcstroke-circumstance-codes-cs\"> </a><p>This  code system <code>http://testSK.org/CodeSystem/stroke-circumstance-codes-cs</code> defines the following codes:</p><table class=\"codes\"><tr><td style=\"white-space:nowrap\"><b>Code</b></td><td><b>Display</b></td><td><b>Definition</b></td></tr><tr><td style=\"white-space:nowrap\">in-hospital<a name=\"stroke-circumstance-codes-cs-in-hospital\"> </a></td><td>In-hospital Stroke</td><td>Indicates that the stroke occurred while the patient was already admitted to the hospital for another reason.</td></tr><tr><td style=\"white-space:nowrap\">wake-up<a name=\"stroke-circumstance-codes-cs-wake-up\"> </a></td><td>Wake-up Stroke</td><td>Indicates that the stroke symptoms were first noticed upon waking from sleep, with an unknown time of onset.</td></tr></table></div>"},"url":"http://testSK.org/CodeSystem/stroke-circumstance-codes-cs","version":"0.1.0","name":"StrokeCircumstanceCodesCS","title":"Stroke Circumstance Codes CodeSystem","status":"active","date":"2025-10-22T14:41:09+00:00","publisher":"UMU","contact":[{"name":"UMU","telecom":[{"system":"url","value":"http://testSK.org/umu"}]}],"description":"Codes for findings related to the circumstances of stroke onset (In-hospital, Wake-up).","content":"complete","count":2,"concept":[{"code":"in-hospital","display":"In-hospital Stroke","definition":"Indicates that the stroke occurred while the patient was already admitted to the hospital for another reason.","designation":[{"use":{"system":"http://terminology.hl7.org/CodeSystem/hl7TermMaintInfra","code":"preferredForLanguage"},"value":"In-hospital Stroke"}]},{"code":"wake-up","display":"Wake-up Stroke","definition":"Indicates that the stroke symptoms were first noticed upon waking from sleep, with an unknown time of onset.","designation":[{"use":{"system":"http://terminology.hl7.org/CodeSystem/hl7TermMaintInfra","code":"preferredForLanguage"},"value":"Wake-up Stroke"}]}]}