{"resourceType":"CodeSystem","id":"discharge-dept-cs","text":{"status":"generated","div":"<div xmlns=\"http://www.w3.org/1999/xhtml\"><p class=\"res-header-id\"><b>Generated Narrative: CodeSystem discharge-dept-cs</b></p><a name=\"discharge-dept-cs\"> </a><a name=\"hcdischarge-dept-cs\"> </a><p>This  code system <code>http://testSK.org/CodeSystem/discharge-dept-cs</code> defines the following codes:</p><table class=\"codes\"><tr><td style=\"white-space:nowrap\"><b>Code</b></td><td><b>Display</b></td><td><b>Definition</b></td></tr><tr><td style=\"white-space:nowrap\">acute<a name=\"discharge-dept-cs-acute\"> </a></td><td>Acute Rehabilitation</td><td>Patient discharged to an acute rehabilitation setting.</td></tr><tr><td style=\"white-space:nowrap\">post-care<a name=\"discharge-dept-cs-post-care\"> </a></td><td>Post Care Bed</td><td>Patient discharged to a post care bed.</td></tr><tr><td style=\"white-space:nowrap\">neurology<a name=\"discharge-dept-cs-neurology\"> </a></td><td>Neurology</td><td>Patient discharged to a neurology department or service.</td></tr><tr><td style=\"white-space:nowrap\">another-department<a name=\"discharge-dept-cs-another-department\"> </a></td><td>Another Department</td><td>Patient discharged to a different department within the same hospital.</td></tr></table></div>"},"url":"http://testSK.org/CodeSystem/discharge-dept-cs","version":"0.1.0","name":"DischargeDeptCS","title":"Discharge Department/Service Code System","status":"active","date":"2025-11-03T16:51:09+00:00","publisher":"UMU","contact":[{"name":"UMU","telecom":[{"system":"url","value":"http://testSK.org/umu"}]}],"description":"Code system specifying the type of department or service the patient was discharged or transferred to.","content":"complete","count":4,"concept":[{"code":"acute","display":"Acute Rehabilitation","definition":"Patient discharged to an acute rehabilitation setting.","designation":[{"use":{"system":"http://terminology.hl7.org/CodeSystem/hl7TermMaintInfra","code":"preferredForLanguage"},"value":"Acute Rehabilitation"}]},{"code":"post-care","display":"Post Care Bed","definition":"Patient discharged to a post care bed.","designation":[{"use":{"system":"http://terminology.hl7.org/CodeSystem/hl7TermMaintInfra","code":"preferredForLanguage"},"value":"Post Care Bed"}]},{"code":"neurology","display":"Neurology","definition":"Patient discharged to a neurology department or service.","designation":[{"use":{"system":"http://terminology.hl7.org/CodeSystem/hl7TermMaintInfra","code":"preferredForLanguage"},"value":"Neurology"}]},{"code":"another-department","display":"Another Department","definition":"Patient discharged to a different department within the same hospital.","designation":[{"use":{"system":"http://terminology.hl7.org/CodeSystem/hl7TermMaintInfra","code":"preferredForLanguage"},"value":"Another Department"}]}]}