{"resourceType":"CodeSystem","id":"thrombectomy-complication-cs","text":{"status":"generated","div":"<div xmlns=\"http://www.w3.org/1999/xhtml\"><p class=\"res-header-id\"><b>Generated Narrative: CodeSystem thrombectomy-complication-cs</b></p><a name=\"thrombectomy-complication-cs\"> </a><a name=\"hcthrombectomy-complication-cs\"> </a><p>This  code system <code>http://testSK.org/CodeSystem/thrombectomy-complication-cs</code> defines the following code:</p><table class=\"codes\"><tr><td style=\"white-space:nowrap\"><b>Code</b></td><td><b>Display</b></td><td><b>Definition</b></td></tr><tr><td style=\"white-space:nowrap\">perforation<a name=\"thrombectomy-complication-cs-perforation\"> </a></td><td>Vessel Perforation</td><td>Vessel perforation occurred during the mechanical thrombectomy</td></tr></table></div>"},"url":"http://testSK.org/CodeSystem/thrombectomy-complication-cs","version":"0.1.0","name":"ThrombectomyComplicationCS","title":"Thrombectomy Complication Code System","status":"active","date":"2025-10-31T12:12:50+00:00","publisher":"UMU","contact":[{"name":"UMU","telecom":[{"system":"url","value":"http://testSK.org/umu"}]}],"description":"Codes specifying the specific complications of thrombectomy to record.","content":"complete","count":1,"concept":[{"code":"perforation","display":"Vessel Perforation","definition":"Vessel perforation occurred during the mechanical thrombectomy"}]}