{"resourceType":"ImplementationGuide","id":"RES-Q-FHIR-IG","text":{"status":"generated","div":"<div xmlns=\"http://www.w3.org/1999/xhtml\"><p class=\"res-header-id\"><b>Generated Narrative: ImplementationGuide RES-Q-FHIR-IG</b></p><a name=\"RES-Q-FHIR-IG\"> </a><a name=\"hcRES-Q-FHIR-IG\"> </a><h2>RESQIG</h2><p>The official URL for this implementation guide is: </p><pre>http://tecnomod-um.org</pre></div>"},"url":"http://tecnomod-um.org","version":"0.1.0","name":"RESQIG","status":"draft","date":"2025-11-18T11:44:59+00:00","publisher":"UMU","contact":[{"name":"UMU","telecom":[{"system":"url","value":"http://tecnomod-um.org"}]}],"packageId":"RES-Q-FHIR-IG","license":"CC0-1.0","fhirVersion":["5.0.0"],"dependsOn":[{"id":"hl7tx","extension":[{"url":"http://hl7.org/fhir/tools/StructureDefinition/implementationguide-dependency-comment","valueMarkdown":"Automatically added as a dependency - all IGs depend on HL7 Terminology"}],"uri":"http://terminology.hl7.org/ImplementationGuide/hl7.terminology","packageId":"hl7.terminology.r5","version":"7.0.0"},{"id":"hl7ext","extension":[{"url":"http://hl7.org/fhir/tools/StructureDefinition/implementationguide-dependency-comment","valueMarkdown":"Automatically added as a dependency - all IGs depend on the HL7 Extension Pack"}],"uri":"http://hl7.org/fhir/extensions/ImplementationGuide/hl7.fhir.uv.extensions","packageId":"hl7.fhir.uv.extensions.r5","version":"5.2.0"}],"definition":{"extension":[{"url":"http://hl7.org/fhir/tools/StructureDefinition/ig-internal-dependency","valueCode":"hl7.fhir.uv.tools.r5#0.8.0"}],"grouping":[{"id":"-str-profile","name":"Structures: Resource Profiles","description":"These define constraints on FHIR resources for systems conforming to this implementation guide."},{"id":"-str-extension","name":"Structures: Extension Definitions","description":"These define constraints on FHIR data types for systems conforming to this implementation guide."},{"id":"-term-valueset","name":"Terminology: Value Sets","description":"These define sets of codes used by systems conforming to this implementation guide."},{"id":"-term-codesystem","name":"Terminology: Code Systems","description":"These define new code systems used by systems conforming to this implementation guide."},{"id":"-ex-example","name":"Example: Example Instances","description":"These are example instances that show what data produced and consumed by systems conforming with this implementation guide might look like."}],"resource":[{"extension":[{"url":"http://hl7.org/fhir/tools/StructureDefinition/resource-sort","valueInteger":999999999},{"url":"http://hl7.org/fhir/StructureDefinition/implementationguide-page","valueUri":"StructureDefinition-age-at-onset-observation-profile.html"}],"reference":{"reference":"StructureDefinition/age-at-onset-observation-profile"},"name":"Age at Stroke Onset Observation Profile (R5)","description":"Profile specifically for recording the patient's age at stroke onset.","isExample":false,"groupingId":"-str-profile"},{"extension":[{"url":"http://hl7.org/fhir/tools/StructureDefinition/resource-sort","valueInteger":999999999},{"url":"http://hl7.org/fhir/StructureDefinition/implementationguide-page","valueUri":"StructureDefinition-base-stroke-observation.html"}],"reference":{"reference":"StructureDefinition/base-stroke-observation"},"name":"Base Profile for Stroke-Related Observations","description":"Constraints for observations recorded in the context of stroke care.","isExample":false,"groupingId":"-str-profile"},{"extension":[{"url":"http://hl7.org/fhir/tools/StructureDefinition/resource-sort","valueInteger":999999999},{"url":"http://hl7.org/fhir/StructureDefinition/implementationguide-page","valueUri":"StructureDefinition-discharge-medication-request-profile.html"}],"reference":{"reference":"StructureDefinition/discharge-medication-request-profile"},"name":"Discharge Medication Request Profile","description":"Represents a medication prescription made as part of the patient's discharge plan, categorized as community administration.","isExample":false,"groupingId":"-str-profile"},{"extension":[{"url":"http://hl7.org/fhir/tools/StructureDefinition/resource-sort","valueInteger":999999999},{"url":"http://hl7.org/fhir/StructureDefinition/implementationguide-page","valueUri":"StructureDefinition-patient-age-gender-snomed-profile.html"}],"reference":{"reference":"StructureDefinition/patient-age-gender-snomed-profile"},"name":"Patient with SNOMED Gender and Age (extensions)","description":"Profile that adds an integer age extension and a SNOMED-based gender extension.","isExample":false,"groupingId":"-str-profile"},{"extension":[{"url":"http://hl7.org/fhir/tools/StructureDefinition/resource-sort","valueInteger":999999999},{"url":"http://hl7.org/fhir/StructureDefinition/implementationguide-page","valueUri":"StructureDefinition-prior-medication-statement-profile.html"}],"reference":{"reference":"StructureDefinition/prior-medication-statement-profile"},"name":"Prior Medication Statement Profile (R5)","description":"Represents a statement about the patient's medication use *before* the index event.","isExample":false,"groupingId":"-str-profile"},{"extension":[{"url":"http://hl7.org/fhir/tools/StructureDefinition/resource-sort","valueInteger":999999999},{"url":"http://hl7.org/fhir/StructureDefinition/implementationguide-page","valueUri":"StructureDefinition-specific-finding-observation-profile.html"}],"reference":{"reference":"StructureDefinition/specific-finding-observation-profile"},"name":"Specific Stroke Finding Observation Profile (R5)","description":"Profile for specific coded findings like Afib/Flutter status or mTICI score.","isExample":false,"groupingId":"-str-profile"},{"extension":[{"url":"http://hl7.org/fhir/tools/StructureDefinition/resource-sort","valueInteger":999999999},{"url":"http://hl7.org/fhir/StructureDefinition/implementationguide-page","valueUri":"StructureDefinition-stroke-brain-imaging-procedure-profile.html"}],"reference":{"reference":"StructureDefinition/stroke-brain-imaging-procedure-profile"},"name":"Stroke Brain Imaging Procedure Profile (R5)","description":"Procedure profile to record key stroke procedures, including status, timing, complications, reasons, and context.","isExample":false,"groupingId":"-str-profile"},{"extension":[{"url":"http://hl7.org/fhir/tools/StructureDefinition/resource-sort","valueInteger":999999999},{"url":"http://hl7.org/fhir/StructureDefinition/implementationguide-page","valueUri":"StructureDefinition-stroke-carotid-imaging-procedure-profile.html"}],"reference":{"reference":"StructureDefinition/stroke-carotid-imaging-procedure-profile"},"name":"Stroke Carotid Imaging Procedure Profile (R5)","description":"Procedure profile to record key stroke procedures, including status, timing, complications, reasons, and context.","isExample":false,"groupingId":"-str-profile"},{"extension":[{"url":"http://hl7.org/fhir/tools/StructureDefinition/resource-sort","valueInteger":999999999},{"url":"http://hl7.org/fhir/StructureDefinition/implementationguide-page","valueUri":"StructureDefinition-stroke-circumstance-observation-profile.html"}],"reference":{"reference":"StructureDefinition/stroke-circumstance-observation-profile"},"name":"Stroke Circumstance Observation Profile (R5)","description":"Profile for recording findings about stroke onset circumstances (In-hospital, Wake-up).","isExample":false,"groupingId":"-str-profile"},{"extension":[{"url":"http://hl7.org/fhir/tools/StructureDefinition/resource-sort","valueInteger":999999999},{"url":"http://hl7.org/fhir/StructureDefinition/implementationguide-page","valueUri":"StructureDefinition-stroke-diagnosis-condition-profile.html"}],"reference":{"reference":"StructureDefinition/stroke-diagnosis-condition-profile"},"name":"Stroke Diagnosis Condition Profile","description":"Defines a Condition profile constrained to represent the definitive diagnosis of the current stroke event during the indexed encounter. The profile fixes category to encounter-diagnosis, binds code (required) to StrokeDiagnosisVS, and prohibits onset[x] to avoid ambiguity with symptom-onset capture via dedicated extensions. Use this profile for final/confirmed stroke diagnoses recorded at discharge or after diagnostic workup; do not use it for history-of conditions, screening findings, or provisional ‘rule-out’ statements. Optional extensions capture hemorrhagic bleeding reason, ischemic etiology, and structured onset date/time when clinically known.","isExample":false,"groupingId":"-str-profile"},{"extension":[{"url":"http://hl7.org/fhir/tools/StructureDefinition/resource-sort","valueInteger":999999999},{"url":"http://hl7.org/fhir/StructureDefinition/implementationguide-page","valueUri":"StructureDefinition-stroke-encounter-profile.html"}],"reference":{"reference":"StructureDefinition/stroke-encounter-profile"},"name":"Stroke Encounter Profile","description":"Profile for an Encounter resource representing a patient's hospital admission and stay for a stroke event, including key administrative and workflow details.","isExample":false,"groupingId":"-str-profile"},{"extension":[{"url":"http://hl7.org/fhir/tools/StructureDefinition/resource-sort","valueInteger":999999999},{"url":"http://hl7.org/fhir/StructureDefinition/implementationguide-page","valueUri":"StructureDefinition-functional-score-observation-profile.html"}],"reference":{"reference":"StructureDefinition/functional-score-observation-profile"},"name":"Stroke Functional Score Observation Profile (R5, Timing Ext)","description":"Profile for recording functional scores (mRS, NIHSS), using an extension for timing context.","isExample":false,"groupingId":"-str-profile"},{"extension":[{"url":"http://hl7.org/fhir/tools/StructureDefinition/resource-sort","valueInteger":999999999},{"url":"http://hl7.org/fhir/StructureDefinition/implementationguide-page","valueUri":"StructureDefinition-stroke-registry-organization-profile.html"}],"reference":{"reference":"StructureDefinition/stroke-registry-organization-profile"},"name":"Stroke Registry Organization Profile","description":"Organization profile ensuring an active organization with a registry identifier (system=https://stroke.qualityregistry.org) and a required name, aligned with the build_organization() transformation.","isExample":false,"groupingId":"-str-profile"},{"extension":[{"url":"http://hl7.org/fhir/tools/StructureDefinition/resource-sort","valueInteger":999999999},{"url":"http://hl7.org/fhir/StructureDefinition/implementationguide-page","valueUri":"StructureDefinition-stroke-risk-factor-condition-profile.html"}],"reference":{"reference":"StructureDefinition/stroke-risk-factor-condition-profile"},"name":"Stroke Risk Factor Condition Profile","description":"Defines a Condition profile for pre-existing or concurrent conditions that increase stroke risk (e.g., atrial fibrillation/flutter, diabetes, hypertension, coronary disease). The profile fixes category to problem-list-item, binds code (required) to StrokeRiskFactorVS, and supports onset[x] and recordedDate to document chronology and longitudinal tracking. Use this profile to maintain the problem list and to support risk assessment and CDS; do not use it to code the acute stroke event itself.","isExample":false,"groupingId":"-str-profile"},{"extension":[{"url":"http://hl7.org/fhir/tools/StructureDefinition/resource-sort","valueInteger":999999999},{"url":"http://hl7.org/fhir/StructureDefinition/implementationguide-page","valueUri":"StructureDefinition-stroke-swallow-procedure-profile.html"}],"reference":{"reference":"StructureDefinition/stroke-swallow-procedure-profile"},"name":"Stroke Swallow Procedure Profile (R5)","description":"Procedure profile to record key stroke procedures, including status, timing, complications, reasons, and context.","isExample":false,"groupingId":"-str-profile"},{"extension":[{"url":"http://hl7.org/fhir/tools/StructureDefinition/resource-sort","valueInteger":999999999},{"url":"http://hl7.org/fhir/StructureDefinition/implementationguide-page","valueUri":"StructureDefinition-stroke-mechanical-procedure-profile.html"}],"reference":{"reference":"StructureDefinition/stroke-mechanical-procedure-profile"},"name":"Stroke Thrombolysis Procedure Profile (R5)","description":"Procedure profile to record key stroke procedures, including status, timing, complications, reasons, and context.","isExample":false,"groupingId":"-str-profile"},{"extension":[{"url":"http://hl7.org/fhir/tools/StructureDefinition/resource-sort","valueInteger":999999999},{"url":"http://hl7.org/fhir/StructureDefinition/implementationguide-page","valueUri":"StructureDefinition-timing-metric-observation-profile.html"}],"reference":{"reference":"StructureDefinition/timing-metric-observation-profile"},"name":"Stroke Timing Metric Observation Profile (R5)","description":"Profile for recording key process timing metrics (D2N, D2G).","isExample":false,"groupingId":"-str-profile"},{"extension":[{"url":"http://hl7.org/fhir/tools/StructureDefinition/resource-sort","valueInteger":999999999},{"url":"http://hl7.org/fhir/StructureDefinition/implementationguide-page","valueUri":"StructureDefinition-vital-sign-observation-profile.html"}],"reference":{"reference":"StructureDefinition/vital-sign-observation-profile"},"name":"Stroke Vital Sign Observation Profile (R5)","description":"Profile for recording key vital signs (Systolic/Diastolic BP) in stroke patients.","isExample":false,"groupingId":"-str-profile"},{"extension":[{"url":"http://hl7.org/fhir/tools/StructureDefinition/resource-sort","valueInteger":999999999},{"url":"http://hl7.org/fhir/StructureDefinition/implementationguide-page","valueUri":"StructureDefinition-discharge-department-service-ext.html"}],"reference":{"reference":"StructureDefinition/discharge-department-service-ext"},"name":"Discharge Department/Service Extension","description":"Specifies the type of department or service the patient was discharged or transferred to.","isExample":false,"groupingId":"-str-extension"},{"extension":[{"url":"http://hl7.org/fhir/tools/StructureDefinition/resource-sort","valueInteger":999999999},{"url":"http://hl7.org/fhir/StructureDefinition/implementationguide-page","valueUri":"StructureDefinition-first-hospital-ext.html"}],"reference":{"reference":"StructureDefinition/first-hospital-ext"},"name":"First Hospital Extension","description":"Indicates if the reporting hospital was the first medical facility to admit the patient for this stroke episode.","isExample":false,"groupingId":"-str-extension"},{"extension":[{"url":"http://hl7.org/fhir/tools/StructureDefinition/resource-sort","valueInteger":999999999},{"url":"http://hl7.org/fhir/StructureDefinition/implementationguide-page","valueUri":"StructureDefinition-gender-snomed-ext.html"}],"reference":{"reference":"StructureDefinition/gender-snomed-ext"},"name":"Gender (SNOMED CT)","description":"Patient gender represented with SNOMED CT codes.","isExample":false,"groupingId":"-str-extension"},{"extension":[{"url":"http://hl7.org/fhir/tools/StructureDefinition/resource-sort","valueInteger":999999999},{"url":"http://hl7.org/fhir/StructureDefinition/implementationguide-page","valueUri":"StructureDefinition-hemorrhagic-stroke-bleeding-reason-ext.html"}],"reference":{"reference":"StructureDefinition/hemorrhagic-stroke-bleeding-reason-ext"},"name":"Hemorrhagic Stroke – Bleeding Reason","description":"Captures, as a CodeableConcept bound (required) to HemorrhagicStrokeBleedingReasonVS, the identified cause of intracranial bleeding in hemorrhagic stroke (e.g., aneurysm, vascular malformation, other). Use when coding a definitive hemorrhagic stroke Condition to support analytics and decision support; do not use for non-hemorrhagic etiologies or when the cause is unknown/undetermined.","isExample":false,"groupingId":"-str-extension"},{"extension":[{"url":"http://hl7.org/fhir/tools/StructureDefinition/resource-sort","valueInteger":999999999},{"url":"http://hl7.org/fhir/StructureDefinition/implementationguide-page","valueUri":"StructureDefinition-initial-care-intensity-ext.html"}],"reference":{"reference":"StructureDefinition/initial-care-intensity-ext"},"name":"Initial Care Intensity Extension","description":"Specifies the level of care provided during the patient's initial day(s) in the hospital (e.g., standard bed, monitored, ICU/Stroke Unit).","isExample":false,"groupingId":"-str-extension"},{"extension":[{"url":"http://hl7.org/fhir/tools/StructureDefinition/resource-sort","valueInteger":999999999},{"url":"http://hl7.org/fhir/StructureDefinition/implementationguide-page","valueUri":"StructureDefinition-ischemic-stroke-etiology-ext.html"}],"reference":{"reference":"StructureDefinition/ischemic-stroke-etiology-ext"},"name":"Ischemic Stroke – Etiology","description":"Records the determined ischemic stroke etiology as a CodeableConcept bound (required) to StrokeEtiologyVS (e.g., cardioembolic, large artery atherosclerosis, lacunar, cryptogenic). Apply to definitive ischemic stroke Conditions after diagnostic workup; avoid use for hemorrhagic strokes or provisional hypotheses not yet established.","isExample":false,"groupingId":"-str-extension"},{"extension":[{"url":"http://hl7.org/fhir/tools/StructureDefinition/resource-sort","valueInteger":999999999},{"url":"http://hl7.org/fhir/StructureDefinition/implementationguide-page","valueUri":"StructureDefinition-observation-timing-context-ext.html"}],"reference":{"reference":"StructureDefinition/observation-timing-context-ext"},"name":"Observation Timing Context Extension","description":"Specifies the timing context or phase (e.g., pre-stroke, admission, discharge, 3-month) in which an observation or assessment was made.","isExample":false,"groupingId":"-str-extension"},{"extension":[{"url":"http://hl7.org/fhir/tools/StructureDefinition/resource-sort","valueInteger":999999999},{"url":"http://hl7.org/fhir/StructureDefinition/implementationguide-page","valueUri":"StructureDefinition-patient-age-ext.html"}],"reference":{"reference":"StructureDefinition/patient-age-ext"},"name":"Patient Age (integer)","description":"Patient age in years represented as an integer.","isExample":false,"groupingId":"-str-extension"},{"extension":[{"url":"http://hl7.org/fhir/tools/StructureDefinition/resource-sort","valueInteger":999999999},{"url":"http://hl7.org/fhir/StructureDefinition/implementationguide-page","valueUri":"StructureDefinition-procedure-timing-context-ext.html"}],"reference":{"reference":"StructureDefinition/procedure-timing-context-ext"},"name":"Procedure Timing Context Extension","description":"Specifies the timing phase (e.g., acute, post-acute) in which the procedure was performed relative to the start of the encounter.","isExample":false,"groupingId":"-str-extension"},{"extension":[{"url":"http://hl7.org/fhir/tools/StructureDefinition/resource-sort","valueInteger":999999999},{"url":"http://hl7.org/fhir/StructureDefinition/implementationguide-page","valueUri":"StructureDefinition-required-post-acute-care-ext.html"}],"reference":{"reference":"StructureDefinition/required-post-acute-care-ext"},"name":"Required Post-Acute Care Extension","description":"Indicates whether the patient required hospitalization beyond 24 hours after the designated acute phase of stroke care for this encounter.","isExample":false,"groupingId":"-str-extension"},{"extension":[{"url":"http://hl7.org/fhir/tools/StructureDefinition/resource-sort","valueInteger":999999999},{"url":"http://hl7.org/fhir/StructureDefinition/implementationguide-page","valueUri":"StructureDefinition-onset-date-ext.html"}],"reference":{"reference":"StructureDefinition/onset-date-ext"},"name":"Stroke Onset Date","description":"Captures the calendar date (value[x] = date) of symptom onset for the indexed stroke event when known, enabling calculation of onset-to-door metrics and adherence to time-sensitive pathways. Use alongside OnsetTimeExt when hour/minute precision is available; omit if onset is unknown or inapplicable.","isExample":false,"groupingId":"-str-extension"},{"extension":[{"url":"http://hl7.org/fhir/tools/StructureDefinition/resource-sort","valueInteger":999999999},{"url":"http://hl7.org/fhir/StructureDefinition/implementationguide-page","valueUri":"StructureDefinition-onset-time-ext.html"}],"reference":{"reference":"StructureDefinition/onset-time-ext"},"name":"Stroke Onset Time","description":"Captures the clock time (value[x] = time) of symptom onset for the indexed stroke event when available, complementing OnsetDateExt to support precise onset-to-treatment intervals. Use local time of the clinical setting; omit if time is unknown or estimated beyond acceptable precision.","isExample":false,"groupingId":"-str-extension"},{"extension":[{"url":"http://hl7.org/fhir/tools/StructureDefinition/resource-sort","valueInteger":999999999},{"url":"http://hl7.org/fhir/StructureDefinition/implementationguide-page","valueUri":"StructureDefinition-swallowing-screening-timing-category-ext.html"}],"reference":{"reference":"StructureDefinition/swallowing-screening-timing-category-ext"},"name":"Swallowing Screening Timing Category","description":"Temporal category relative to stroke onset in which the swallowing screening was performed.","isExample":false,"groupingId":"-str-extension"},{"extension":[{"url":"http://hl7.org/fhir/tools/StructureDefinition/resource-sort","valueInteger":999999999},{"url":"http://hl7.org/fhir/StructureDefinition/implementationguide-page","valueUri":"ValueSet-admission-source-vs.html"}],"reference":{"reference":"ValueSet/admission-source-vs"},"name":"Admission Sources ValueSet","description":"Defines the modes of transport or pathways by which the patient arrived.","isExample":false,"groupingId":"-term-valueset"},{"extension":[{"url":"http://hl7.org/fhir/tools/StructureDefinition/resource-sort","valueInteger":999999999},{"url":"http://hl7.org/fhir/StructureDefinition/implementationguide-page","valueUri":"ValueSet-assessment-context-vs.html"}],"reference":{"reference":"ValueSet/assessment-context-vs"},"name":"Assessment Context ValueSet","description":"ValueSet for assessment context codes (e.g., timing of functional scores).","isExample":false,"groupingId":"-term-valueset"},{"extension":[{"url":"http://hl7.org/fhir/tools/StructureDefinition/resource-sort","valueInteger":999999999},{"url":"http://hl7.org/fhir/StructureDefinition/implementationguide-page","valueUri":"ValueSet-afib-flutter-status-vs.html"}],"reference":{"reference":"ValueSet/afib-flutter-status-vs"},"name":"Atrial Fibrillation or Flutter Status ValueSet","description":"ValueSet for the status of Atrial Fibrillation or Flutter assessment.","isExample":false,"groupingId":"-term-valueset"},{"extension":[{"url":"http://hl7.org/fhir/tools/StructureDefinition/resource-sort","valueInteger":999999999},{"url":"http://hl7.org/fhir/StructureDefinition/implementationguide-page","valueUri":"ValueSet-brain-imaging-modality-vs.html"}],"reference":{"reference":"ValueSet/brain-imaging-modality-vs"},"name":"Brain Imaging Modality ValueSet","description":"Defines the SNOMED CT codes for individual brain imaging modalities performed as procedures.","isExample":false,"groupingId":"-term-valueset"},{"extension":[{"url":"http://hl7.org/fhir/tools/StructureDefinition/resource-sort","valueInteger":999999999},{"url":"http://hl7.org/fhir/StructureDefinition/implementationguide-page","valueUri":"ValueSet-carotid-imaging-modality-vs.html"}],"reference":{"reference":"ValueSet/carotid-imaging-modality-vs"},"name":"Carotid Arteries Imaging Modality ValueSet","description":"Defines codes for different types of carotid artery imaging.","isExample":false,"groupingId":"-term-valueset"},{"extension":[{"url":"http://hl7.org/fhir/tools/StructureDefinition/resource-sort","valueInteger":999999999},{"url":"http://hl7.org/fhir/StructureDefinition/implementationguide-page","valueUri":"ValueSet-discharge-dept-vs.html"}],"reference":{"reference":"ValueSet/discharge-dept-vs"},"name":"Discharge Department/Service ValueSet","description":"ValueSet specifying the type of department or service the patient was discharged or transferred to.","isExample":false,"groupingId":"-term-valueset"},{"extension":[{"url":"http://hl7.org/fhir/tools/StructureDefinition/resource-sort","valueInteger":999999999},{"url":"http://hl7.org/fhir/StructureDefinition/implementationguide-page","valueUri":"ValueSet-discharge-destination-vs.html"}],"reference":{"reference":"ValueSet/discharge-destination-vs"},"name":"Discharge Destination ValueSet","description":"Defines possible patient discharge destinations.","isExample":false,"groupingId":"-term-valueset"},{"extension":[{"url":"http://hl7.org/fhir/tools/StructureDefinition/resource-sort","valueInteger":999999999},{"url":"http://hl7.org/fhir/StructureDefinition/implementationguide-page","valueUri":"ValueSet-vs-gender-snomed.html"}],"reference":{"reference":"ValueSet/vs-gender-snomed"},"name":"Gender (SNOMED CT)","description":"Value set to represent patient gender using SNOMED CT codes, analogous to AdministrativeGender.","isExample":false,"groupingId":"-term-valueset"},{"extension":[{"url":"http://hl7.org/fhir/tools/StructureDefinition/resource-sort","valueInteger":999999999},{"url":"http://hl7.org/fhir/StructureDefinition/implementationguide-page","valueUri":"ValueSet-hemorrhagic-stroke-bleeding-reason-vs.html"}],"reference":{"reference":"ValueSet/hemorrhagic-stroke-bleeding-reason-vs"},"name":"Hemorrhagic Stroke Bleeding Reason ValueSet","description":"Specifies the identified cause of a hemorrhagic stroke, typically used with an extension.","isExample":false,"groupingId":"-term-valueset"},{"extension":[{"url":"http://hl7.org/fhir/tools/StructureDefinition/resource-sort","valueInteger":999999999},{"url":"http://hl7.org/fhir/StructureDefinition/implementationguide-page","valueUri":"ValueSet-initial-care-intensity-vs.html"}],"reference":{"reference":"ValueSet/initial-care-intensity-vs"},"name":"Initial Care Intensity ValueSet","description":"ValueSet indicating the level of care provided initially.","isExample":false,"groupingId":"-term-valueset"},{"extension":[{"url":"http://hl7.org/fhir/tools/StructureDefinition/resource-sort","valueInteger":999999999},{"url":"http://hl7.org/fhir/StructureDefinition/implementationguide-page","valueUri":"ValueSet-mtici-score-vs.html"}],"reference":{"reference":"ValueSet/mtici-score-vs"},"name":"MTICI Score ValueSet","description":"ValueSet containing the codes to represent the MTICI score used to assess the degree of reperfusion after a thrombectomy procedure.","isExample":false,"groupingId":"-term-valueset"},{"extension":[{"url":"http://hl7.org/fhir/tools/StructureDefinition/resource-sort","valueInteger":999999999},{"url":"http://hl7.org/fhir/StructureDefinition/implementationguide-page","valueUri":"ValueSet-medication-vs.html"}],"reference":{"reference":"ValueSet/medication-vs"},"name":"Medications ValueSet","description":"SNOMED CT codes for drug products or substances.","isExample":false,"groupingId":"-term-valueset"},{"extension":[{"url":"http://hl7.org/fhir/tools/StructureDefinition/resource-sort","valueInteger":999999999},{"url":"http://hl7.org/fhir/StructureDefinition/implementationguide-page","valueUri":"ValueSet-perforation-procedures-vs.html"}],"reference":{"reference":"ValueSet/perforation-procedures-vs"},"name":"Perforation Procedures ValueSet","description":"ValueSet containing SNOMED CT codes representing a range of perforation procedures.","isExample":false,"groupingId":"-term-valueset"},{"extension":[{"url":"http://hl7.org/fhir/tools/StructureDefinition/resource-sort","valueInteger":999999999},{"url":"http://hl7.org/fhir/StructureDefinition/implementationguide-page","valueUri":"ValueSet-procedure-timing-context-vs.html"}],"reference":{"reference":"ValueSet/procedure-timing-context-vs"},"name":"Procedure Timing Context ValueSet","description":"ValueSet for codes defining the timing phase of a procedure relative to the encounter start.","isExample":false,"groupingId":"-term-valueset"},{"extension":[{"url":"http://hl7.org/fhir/tools/StructureDefinition/resource-sort","valueInteger":999999999},{"url":"http://hl7.org/fhir/StructureDefinition/implementationguide-page","valueUri":"ValueSet-specific-finding-codes-vs.html"}],"reference":{"reference":"ValueSet/specific-finding-codes-vs"},"name":"Specific Stroke Finding Codes ValueSet","description":"Codes for specific clinical findings relevant to stroke (Afib/Flutter status, MTICI score).","isExample":false,"groupingId":"-term-valueset"},{"extension":[{"url":"http://hl7.org/fhir/tools/StructureDefinition/resource-sort","valueInteger":999999999},{"url":"http://hl7.org/fhir/StructureDefinition/implementationguide-page","valueUri":"ValueSet-stroke-finding-codes-vs.html"}],"reference":{"reference":"ValueSet/stroke-finding-codes-vs"},"name":"Specific Stroke Finding Codes ValueSet","description":"ValueSet for specific coded findings like Afib/Flutter status or mTICI score.","isExample":false,"groupingId":"-term-valueset"},{"extension":[{"url":"http://hl7.org/fhir/tools/StructureDefinition/resource-sort","valueInteger":999999999},{"url":"http://hl7.org/fhir/StructureDefinition/implementationguide-page","valueUri":"ValueSet-stroke-arrival-mode-vs.html"}],"reference":{"reference":"ValueSet/stroke-arrival-mode-vs"},"name":"Stroke Arrival Mode ValueSet","description":"ValueSet specifying the mode and origin of the patient's arrival.","isExample":false,"groupingId":"-term-valueset"},{"extension":[{"url":"http://hl7.org/fhir/tools/StructureDefinition/resource-sort","valueInteger":999999999},{"url":"http://hl7.org/fhir/StructureDefinition/implementationguide-page","valueUri":"ValueSet-stroke-circumstance-codes-vs.html"}],"reference":{"reference":"ValueSet/stroke-circumstance-codes-vs"},"name":"Stroke Circumstance Codes ValueSet","description":"Codes for findings related to the circumstances of stroke onset (In-hospital, Wake-up).","isExample":false,"groupingId":"-term-valueset"},{"extension":[{"url":"http://hl7.org/fhir/tools/StructureDefinition/resource-sort","valueInteger":999999999},{"url":"http://hl7.org/fhir/StructureDefinition/implementationguide-page","valueUri":"ValueSet-stroke-diagnosis-vs.html"}],"reference":{"reference":"ValueSet/stroke-diagnosis-vs"},"name":"Stroke Diagnosis ValueSet","description":"SNOMED CT concepts representing final stroke-related diagnoses intended for use in Condition.code (and similar elements) within this IG. The scope covers ischemic stroke, intracerebral hemorrhage, subarachnoid hemorrhage, cerebral venous thrombosis, and transient ischemic attack (TIA). This value set is designed to support consistent capture, validation, analytics, and decision support. Implementers should expand against a terminology server using the appropriate SNOMED CT edition/version and preferred language(s) for display. Localizations or national derivatives MAY provide additional designations without altering the canonical definition. This value set is not intended for history-of, screening, or procedural concepts.","isExample":false,"groupingId":"-term-valueset"},{"extension":[{"url":"http://hl7.org/fhir/tools/StructureDefinition/resource-sort","valueInteger":999999999},{"url":"http://hl7.org/fhir/StructureDefinition/implementationguide-page","valueUri":"ValueSet-stroke-discharge-destination-vs.html"}],"reference":{"reference":"ValueSet/stroke-discharge-destination-vs"},"name":"Stroke Discharge Destination ValueSet","description":"Defines the possible destinations of the patient upon discharge from the encounter.","isExample":false,"groupingId":"-term-valueset"},{"extension":[{"url":"http://hl7.org/fhir/tools/StructureDefinition/resource-sort","valueInteger":999999999},{"url":"http://hl7.org/fhir/StructureDefinition/implementationguide-page","valueUri":"ValueSet-stroke-etiology-vs.html"}],"reference":{"reference":"ValueSet/stroke-etiology-vs"},"name":"Stroke Etiology ValueSet","description":"Specifies the determined etiology of an stroke.","isExample":false,"groupingId":"-term-valueset"},{"extension":[{"url":"http://hl7.org/fhir/tools/StructureDefinition/resource-sort","valueInteger":999999999},{"url":"http://hl7.org/fhir/StructureDefinition/implementationguide-page","valueUri":"ValueSet-functional-score-codes-vs.html"}],"reference":{"reference":"ValueSet/functional-score-codes-vs"},"name":"Stroke Functional Score Codes ValueSet","description":"Codes for key functional scores used in stroke (mRS, NIHSS).","isExample":false,"groupingId":"-term-valueset"},{"extension":[{"url":"http://hl7.org/fhir/tools/StructureDefinition/resource-sort","valueInteger":999999999},{"url":"http://hl7.org/fhir/StructureDefinition/implementationguide-page","valueUri":"ValueSet-stroke-proc-not-done-reason-vs.html"}],"reference":{"reference":"ValueSet/stroke-proc-not-done-reason-vs"},"name":"Stroke Procedure Not Done Reason ValueSet","description":"ValueSet containing specific codes to indicate why thrombolysis or thrombectomy was not performed.","isExample":false,"groupingId":"-term-valueset"},{"extension":[{"url":"http://hl7.org/fhir/tools/StructureDefinition/resource-sort","valueInteger":999999999},{"url":"http://hl7.org/fhir/StructureDefinition/implementationguide-page","valueUri":"ValueSet-stroke-risk-factor-vs.html"}],"reference":{"reference":"ValueSet/stroke-risk-factor-vs"},"name":"Stroke Risk Factor ValueSet","description":"Defines the SNOMED CT codes for conditions or risk factors relevant to stroke, including an option for unknown status.","isExample":false,"groupingId":"-term-valueset"},{"extension":[{"url":"http://hl7.org/fhir/tools/StructureDefinition/resource-sort","valueInteger":999999999},{"url":"http://hl7.org/fhir/StructureDefinition/implementationguide-page","valueUri":"ValueSet-timing-metric-codes-vs.html"}],"reference":{"reference":"ValueSet/timing-metric-codes-vs"},"name":"Stroke Timing Metric Codes ValueSet","description":"ValueSet for key process timing metrics in acute stroke care (D2N, D2G).","isExample":false,"groupingId":"-term-valueset"},{"extension":[{"url":"http://hl7.org/fhir/tools/StructureDefinition/resource-sort","valueInteger":999999999},{"url":"http://hl7.org/fhir/StructureDefinition/implementationguide-page","valueUri":"ValueSet-vital-sign-codes-vs.html"}],"reference":{"reference":"ValueSet/vital-sign-codes-vs"},"name":"Stroke Vital Sign Codes ValueSet","description":"Codes for key vital signs relevant to stroke assessment (Systolic, Diastolic BP).","isExample":false,"groupingId":"-term-valueset"},{"extension":[{"url":"http://hl7.org/fhir/tools/StructureDefinition/resource-sort","valueInteger":999999999},{"url":"http://hl7.org/fhir/StructureDefinition/implementationguide-page","valueUri":"ValueSet-swallow-procedures-vs.html"}],"reference":{"reference":"ValueSet/swallow-procedures-vs"},"name":"Swallow Procedures ValueSet","description":"ValueSet containing SNOMED CT codes representing a range of procedures used in the evaluation and management of stroke patients.","isExample":false,"groupingId":"-term-valueset"},{"extension":[{"url":"http://hl7.org/fhir/tools/StructureDefinition/resource-sort","valueInteger":999999999},{"url":"http://hl7.org/fhir/StructureDefinition/implementationguide-page","valueUri":"ValueSet-swallowing-screening-timing-category-vs.html"}],"reference":{"reference":"ValueSet/swallowing-screening-timing-category-vs"},"name":"Swallowing Screening Timing Category ValueSet","description":"Temporal categories relative to stroke onset for swallowing screening.","isExample":false,"groupingId":"-term-valueset"},{"extension":[{"url":"http://hl7.org/fhir/tools/StructureDefinition/resource-sort","valueInteger":999999999},{"url":"http://hl7.org/fhir/StructureDefinition/implementationguide-page","valueUri":"ValueSet-thrombectomy-complication-vs.html"}],"reference":{"reference":"ValueSet/thrombectomy-complication-vs"},"name":"Thrombectomy Complication ValueSet","description":"Defines the specific complications of thrombectomy to record.","isExample":false,"groupingId":"-term-valueset"},{"extension":[{"url":"http://hl7.org/fhir/tools/StructureDefinition/resource-sort","valueInteger":999999999},{"url":"http://hl7.org/fhir/StructureDefinition/implementationguide-page","valueUri":"ValueSet-mtici-code-vs.html"}],"reference":{"reference":"ValueSet/mtici-code-vs"},"name":"mTICI Score Codes ValueSet","description":"ValueSet containing the codes to represent the mTICI score used to assess the degree of reperfusion after a thrombectomy procedure.","isExample":false,"groupingId":"-term-valueset"},{"extension":[{"url":"http://hl7.org/fhir/tools/StructureDefinition/resource-sort","valueInteger":999999999},{"url":"http://hl7.org/fhir/StructureDefinition/implementationguide-page","valueUri":"ValueSet-mrs-score-vs.html"}],"reference":{"reference":"ValueSet/mrs-score-vs"},"name":"modified Rankin Scale (mRS) Score ValueSet","description":"ValueSet containing the codes for the modified Rankin Scale (mRS) score.","isExample":false,"groupingId":"-term-valueset"},{"extension":[{"url":"http://hl7.org/fhir/tools/StructureDefinition/resource-sort","valueInteger":999999999},{"url":"http://hl7.org/fhir/StructureDefinition/implementationguide-page","valueUri":"CodeSystem-assessment-context-cs.html"}],"reference":{"reference":"CodeSystem/assessment-context-cs"},"name":"Assessment Context Code System","description":"Codes defining the context or timing of a clinical assessment, particularly functional scores.","isExample":false,"groupingId":"-term-codesystem"},{"extension":[{"url":"http://hl7.org/fhir/tools/StructureDefinition/resource-sort","valueInteger":999999999},{"url":"http://hl7.org/fhir/StructureDefinition/implementationguide-page","valueUri":"CodeSystem-brain-imaging-type-cs.html"}],"reference":{"reference":"CodeSystem/brain-imaging-type-cs"},"name":"Brain Imaging Type Code System","description":"Codes specifying the type of brain imaging performed (e.g., CT, MRI).","isExample":false,"groupingId":"-term-codesystem"},{"extension":[{"url":"http://hl7.org/fhir/tools/StructureDefinition/resource-sort","valueInteger":999999999},{"url":"http://hl7.org/fhir/StructureDefinition/implementationguide-page","valueUri":"CodeSystem-discharge-dept-cs.html"}],"reference":{"reference":"CodeSystem/discharge-dept-cs"},"name":"Discharge Department/Service Code System","description":"Code system specifying the type of department or service the patient was discharged or transferred to.","isExample":false,"groupingId":"-term-codesystem"},{"extension":[{"url":"http://hl7.org/fhir/tools/StructureDefinition/resource-sort","valueInteger":999999999},{"url":"http://hl7.org/fhir/StructureDefinition/implementationguide-page","valueUri":"CodeSystem-hemorrhagic-stroke-bleeding-reason-cs.html"}],"reference":{"reference":"CodeSystem/hemorrhagic-stroke-bleeding-reason-cs"},"name":"Hemorrhagic Stroke Bleeding Reason Code System","description":"Codes indicating the reason for bleeding in hemorrhagic stroke cases.","isExample":false,"groupingId":"-term-codesystem"},{"extension":[{"url":"http://hl7.org/fhir/tools/StructureDefinition/resource-sort","valueInteger":999999999},{"url":"http://hl7.org/fhir/StructureDefinition/implementationguide-page","valueUri":"CodeSystem-initial-care-intensity-cs.html"}],"reference":{"reference":"CodeSystem/initial-care-intensity-cs"},"name":"Initial Care Intensity Code System","description":"Codes indicating the level of care provided during the patient's initial day(s) in the hospital.","isExample":false,"groupingId":"-term-codesystem"},{"extension":[{"url":"http://hl7.org/fhir/tools/StructureDefinition/resource-sort","valueInteger":999999999},{"url":"http://hl7.org/fhir/StructureDefinition/implementationguide-page","valueUri":"CodeSystem-stroke-arrival-mode-cs.html"}],"reference":{"reference":"CodeSystem/stroke-arrival-mode-cs"},"name":"Initial Care Intensity Code System","description":"Codes indicating the level of care provided during the patient's initial day(s) in the hospital.","isExample":false,"groupingId":"-term-codesystem"},{"extension":[{"url":"http://hl7.org/fhir/tools/StructureDefinition/resource-sort","valueInteger":999999999},{"url":"http://hl7.org/fhir/StructureDefinition/implementationguide-page","valueUri":"CodeSystem-mtici-score-cs.html"}],"reference":{"reference":"CodeSystem/mtici-score-cs"},"name":"MTICI Score Code System","description":"CodeSystem containing the codes to represent the MTICI score.","isExample":false,"groupingId":"-term-codesystem"},{"extension":[{"url":"http://hl7.org/fhir/tools/StructureDefinition/resource-sort","valueInteger":999999999},{"url":"http://hl7.org/fhir/StructureDefinition/implementationguide-page","valueUri":"CodeSystem-medication-cs.html"}],"reference":{"reference":"CodeSystem/medication-cs"},"name":"Medications CodeSystem","description":"Codes for drug products or substances representing the Medications on the patient discharge.","isExample":false,"groupingId":"-term-codesystem"},{"extension":[{"url":"http://hl7.org/fhir/tools/StructureDefinition/resource-sort","valueInteger":999999999},{"url":"http://hl7.org/fhir/StructureDefinition/implementationguide-page","valueUri":"CodeSystem-procedure-timing-context-cs.html"}],"reference":{"reference":"CodeSystem/procedure-timing-context-cs"},"name":"Procedure Timing Context Code System","description":"Codes defining the timing phase of a procedure relative to the encounter start (e.g., acute vs. post-acute).","isExample":false,"groupingId":"-term-codesystem"},{"extension":[{"url":"http://hl7.org/fhir/tools/StructureDefinition/resource-sort","valueInteger":999999999},{"url":"http://hl7.org/fhir/StructureDefinition/implementationguide-page","valueUri":"CodeSystem-stroke-circumstance-codes-cs.html"}],"reference":{"reference":"CodeSystem/stroke-circumstance-codes-cs"},"name":"Stroke Circumstance Codes CodeSystem","description":"Codes for findings related to the circumstances of stroke onset (In-hospital, Wake-up).","isExample":false,"groupingId":"-term-codesystem"},{"extension":[{"url":"http://hl7.org/fhir/tools/StructureDefinition/resource-sort","valueInteger":999999999},{"url":"http://hl7.org/fhir/StructureDefinition/implementationguide-page","valueUri":"CodeSystem-stroke-discharge-destination-cs.html"}],"reference":{"reference":"CodeSystem/stroke-discharge-destination-cs"},"name":"Stroke Discharge Destination Code System","description":"Codes indicating the possible destinations of the patient upon discharge from the encounter.","isExample":false,"groupingId":"-term-codesystem"},{"extension":[{"url":"http://hl7.org/fhir/tools/StructureDefinition/resource-sort","valueInteger":999999999},{"url":"http://hl7.org/fhir/StructureDefinition/implementationguide-page","valueUri":"CodeSystem-stroke-etiology-cs.html"}],"reference":{"reference":"CodeSystem/stroke-etiology-cs"},"name":"Stroke Etiology Code System","description":"Codes indicating the etiology of strokes.","isExample":false,"groupingId":"-term-codesystem"},{"extension":[{"url":"http://hl7.org/fhir/tools/StructureDefinition/resource-sort","valueInteger":999999999},{"url":"http://hl7.org/fhir/StructureDefinition/implementationguide-page","valueUri":"CodeSystem-stroke-proc-not-done-reason-cs.html"}],"reference":{"reference":"CodeSystem/stroke-proc-not-done-reason-cs"},"name":"Stroke Procedure Not Done Reason Code System","description":"Codes specifying the reason principal for not performing a key stroke procedure (Thrombolysis, Thrombectomy).","isExample":false,"groupingId":"-term-codesystem"},{"extension":[{"url":"http://hl7.org/fhir/tools/StructureDefinition/resource-sort","valueInteger":999999999},{"url":"http://hl7.org/fhir/StructureDefinition/implementationguide-page","valueUri":"CodeSystem-timing-metric-codes-cs.html"}],"reference":{"reference":"CodeSystem/timing-metric-codes-cs"},"name":"Stroke Timing Metric Codes ValueSet","description":"Codes for key process timing metrics in acute stroke care (D2N, D2G).","isExample":false,"groupingId":"-term-codesystem"},{"extension":[{"url":"http://hl7.org/fhir/tools/StructureDefinition/resource-sort","valueInteger":999999999},{"url":"http://hl7.org/fhir/StructureDefinition/implementationguide-page","valueUri":"CodeSystem-swallow-procedures-cs.html"}],"reference":{"reference":"CodeSystem/swallow-procedures-cs"},"name":"Swallow Procedures Code System","description":"Codes representing various swallowing assessment procedures.","isExample":false,"groupingId":"-term-codesystem"},{"extension":[{"url":"http://hl7.org/fhir/tools/StructureDefinition/resource-sort","valueInteger":999999999},{"url":"http://hl7.org/fhir/StructureDefinition/implementationguide-page","valueUri":"CodeSystem-swallow-screen-time-cs.html"}],"reference":{"reference":"CodeSystem/swallow-screen-time-cs"},"name":"Swallowing Screening Timing Category Code System","description":"Temporal categories relative to stroke onset for swallowing screening.","isExample":false,"groupingId":"-term-codesystem"},{"extension":[{"url":"http://hl7.org/fhir/tools/StructureDefinition/resource-sort","valueInteger":999999999},{"url":"http://hl7.org/fhir/StructureDefinition/implementationguide-page","valueUri":"CodeSystem-thrombectomy-complication-cs.html"}],"reference":{"reference":"CodeSystem/thrombectomy-complication-cs"},"name":"Thrombectomy Complication Code System","description":"Codes specifying the specific complications of thrombectomy to record.","isExample":false,"groupingId":"-term-codesystem"},{"extension":[{"url":"http://hl7.org/fhir/tools/StructureDefinition/resource-sort","valueInteger":999999999},{"url":"http://hl7.org/fhir/StructureDefinition/implementationguide-page","valueUri":"CodeSystem-mtici-code-cs.html"}],"reference":{"reference":"CodeSystem/mtici-code-cs"},"name":"mTICI Score Codes CodeSystem","description":"Codes representing the mTICI score used to assess the degree of reperfusion after a thrombectomy procedure.","isExample":false,"groupingId":"-term-codesystem"},{"extension":[{"url":"http://hl7.org/fhir/tools/StructureDefinition/resource-sort","valueInteger":999999999},{"url":"http://hl7.org/fhir/StructureDefinition/implementationguide-page","valueUri":"CodeSystem-mrs-score-cs.html"}],"reference":{"reference":"CodeSystem/mrs-score-cs"},"name":"modified Rankin Scale (mRS) Score Code System","description":"Codes representing the modified Rankin Scale (mRS) score for functional outcome.","isExample":false,"groupingId":"-term-codesystem"},{"extension":[{"url":"http://hl7.org/fhir/tools/StructureDefinition/resource-sort","valueInteger":999999999},{"url":"http://hl7.org/fhir/StructureDefinition/implementationguide-page","valueUri":"Observation-AgeAtOnsetObservationExample.html"}],"reference":{"reference":"Observation/AgeAtOnsetObservationExample"},"name":"AgeAtOnsetObservationExample","isExample":true,"profile":["http://tecnomod-um.org/StructureDefinition/age-at-onset-observation-profile"],"groupingId":"-ex-example"},{"extension":[{"url":"http://hl7.org/fhir/tools/StructureDefinition/resource-sort","valueInteger":999999999},{"url":"http://hl7.org/fhir/StructureDefinition/implementationguide-page","valueUri":"MedicationRequest-discharge-medication-request-001.html"}],"reference":{"reference":"MedicationRequest/discharge-medication-request-001"},"name":"DischargeMedicationRequest","isExample":true,"profile":["http://tecnomod-um.org/StructureDefinition/discharge-medication-request-profile"],"groupingId":"-ex-example"},{"extension":[{"url":"http://hl7.org/fhir/tools/StructureDefinition/resource-sort","valueInteger":999999999},{"url":"http://hl7.org/fhir/StructureDefinition/implementationguide-page","valueUri":"Organization-ExampleStrokeOrganization.html"}],"reference":{"reference":"Organization/ExampleStrokeOrganization"},"name":"Example Stroke Registry Organization","description":"Matches build_organization: active=true, name from hospital_name, identifier from mapped_org_id.","isExample":true,"profile":["http://tecnomod-um.org/StructureDefinition/stroke-registry-organization-profile"],"groupingId":"-ex-example"},{"extension":[{"url":"http://hl7.org/fhir/tools/StructureDefinition/resource-sort","valueInteger":999999999},{"url":"http://hl7.org/fhir/StructureDefinition/implementationguide-page","valueUri":"Observation-FunctionalScoreObservationExample.html"}],"reference":{"reference":"Observation/FunctionalScoreObservationExample"},"name":"FunctionalScoreObservationExample","isExample":true,"profile":["http://tecnomod-um.org/StructureDefinition/functional-score-observation-profile"],"groupingId":"-ex-example"},{"extension":[{"url":"http://hl7.org/fhir/tools/StructureDefinition/resource-sort","valueInteger":999999999},{"url":"http://hl7.org/fhir/StructureDefinition/implementationguide-page","valueUri":"Patient-PatientAgeGenderSnomedExample.html"}],"reference":{"reference":"Patient/PatientAgeGenderSnomedExample"},"name":"PatientAgeGenderSnomedExample","isExample":true,"profile":["http://tecnomod-um.org/StructureDefinition/patient-age-gender-snomed-profile"],"groupingId":"-ex-example"},{"extension":[{"url":"http://hl7.org/fhir/tools/StructureDefinition/resource-sort","valueInteger":999999999},{"url":"http://hl7.org/fhir/StructureDefinition/implementationguide-page","valueUri":"Patient-example-patient.html"}],"reference":{"reference":"Patient/example-patient"},"name":"PatientExample","isExample":true,"groupingId":"-ex-example"},{"extension":[{"url":"http://hl7.org/fhir/tools/StructureDefinition/resource-sort","valueInteger":999999999},{"url":"http://hl7.org/fhir/StructureDefinition/implementationguide-page","valueUri":"MedicationStatement-PriorMedicationStatementExample.html"}],"reference":{"reference":"MedicationStatement/PriorMedicationStatementExample"},"name":"PriorMedicationStatementExample","isExample":true,"profile":["http://tecnomod-um.org/StructureDefinition/prior-medication-statement-profile"],"groupingId":"-ex-example"},{"extension":[{"url":"http://hl7.org/fhir/tools/StructureDefinition/resource-sort","valueInteger":999999999},{"url":"http://hl7.org/fhir/StructureDefinition/implementationguide-page","valueUri":"Observation-SpecificFindingObservationExample.html"}],"reference":{"reference":"Observation/SpecificFindingObservationExample"},"name":"SpecificFindingObservationExample","isExample":true,"profile":["http://tecnomod-um.org/StructureDefinition/specific-finding-observation-profile"],"groupingId":"-ex-example"},{"extension":[{"url":"http://hl7.org/fhir/tools/StructureDefinition/resource-sort","valueInteger":999999999},{"url":"http://hl7.org/fhir/StructureDefinition/implementationguide-page","valueUri":"Observation-SpecificFindingObservationExampleMTICI.html"}],"reference":{"reference":"Observation/SpecificFindingObservationExampleMTICI"},"name":"SpecificFindingObservationExampleMTICI","isExample":true,"profile":["http://tecnomod-um.org/StructureDefinition/specific-finding-observation-profile"],"groupingId":"-ex-example"},{"extension":[{"url":"http://hl7.org/fhir/tools/StructureDefinition/resource-sort","valueInteger":999999999},{"url":"http://hl7.org/fhir/StructureDefinition/implementationguide-page","valueUri":"Procedure-StrokeBrainImagingExample.html"}],"reference":{"reference":"Procedure/StrokeBrainImagingExample"},"name":"StrokeBrainImagingExample","isExample":true,"profile":["http://tecnomod-um.org/StructureDefinition/stroke-brain-imaging-procedure-profile"],"groupingId":"-ex-example"},{"extension":[{"url":"http://hl7.org/fhir/tools/StructureDefinition/resource-sort","valueInteger":999999999},{"url":"http://hl7.org/fhir/StructureDefinition/implementationguide-page","valueUri":"Procedure-StrokeCarotidImagingExample.html"}],"reference":{"reference":"Procedure/StrokeCarotidImagingExample"},"name":"StrokeCarotidImagingExample","isExample":true,"profile":["http://tecnomod-um.org/StructureDefinition/stroke-carotid-imaging-procedure-profile"],"groupingId":"-ex-example"},{"extension":[{"url":"http://hl7.org/fhir/tools/StructureDefinition/resource-sort","valueInteger":999999999},{"url":"http://hl7.org/fhir/StructureDefinition/implementationguide-page","valueUri":"Observation-StrokeCircumstanceObservationExampleWakeUp.html"}],"reference":{"reference":"Observation/StrokeCircumstanceObservationExampleWakeUp"},"name":"StrokeCircumstanceObservationExampleWakeUp","isExample":true,"profile":["http://tecnomod-um.org/StructureDefinition/stroke-circumstance-observation-profile"],"groupingId":"-ex-example"},{"extension":[{"url":"http://hl7.org/fhir/tools/StructureDefinition/resource-sort","valueInteger":999999999},{"url":"http://hl7.org/fhir/StructureDefinition/implementationguide-page","valueUri":"Condition-StrokeDiagnosisConditionAFib.html"}],"reference":{"reference":"Condition/StrokeDiagnosisConditionAFib"},"name":"StrokeDiagnosisConditionAFib","isExample":true,"profile":["http://tecnomod-um.org/StructureDefinition/stroke-risk-factor-condition-profile"],"groupingId":"-ex-example"},{"extension":[{"url":"http://hl7.org/fhir/tools/StructureDefinition/resource-sort","valueInteger":999999999},{"url":"http://hl7.org/fhir/StructureDefinition/implementationguide-page","valueUri":"Condition-StrokeDiagnosisConditionAFlutter.html"}],"reference":{"reference":"Condition/StrokeDiagnosisConditionAFlutter"},"name":"StrokeDiagnosisConditionAFlutter","isExample":true,"profile":["http://tecnomod-um.org/StructureDefinition/stroke-risk-factor-condition-profile"],"groupingId":"-ex-example"},{"extension":[{"url":"http://hl7.org/fhir/tools/StructureDefinition/resource-sort","valueInteger":999999999},{"url":"http://hl7.org/fhir/StructureDefinition/implementationguide-page","valueUri":"Condition-StrokeDiagnosisConditionExample.html"}],"reference":{"reference":"Condition/StrokeDiagnosisConditionExample"},"name":"StrokeDiagnosisConditionExample","isExample":true,"profile":["http://tecnomod-um.org/StructureDefinition/stroke-diagnosis-condition-profile"],"groupingId":"-ex-example"},{"extension":[{"url":"http://hl7.org/fhir/tools/StructureDefinition/resource-sort","valueInteger":999999999},{"url":"http://hl7.org/fhir/StructureDefinition/implementationguide-page","valueUri":"Encounter-StrokeEncounterExample.html"}],"reference":{"reference":"Encounter/StrokeEncounterExample"},"name":"StrokeEncounterExample","isExample":true,"profile":["http://tecnomod-um.org/StructureDefinition/stroke-encounter-profile"],"groupingId":"-ex-example"},{"extension":[{"url":"http://hl7.org/fhir/tools/StructureDefinition/resource-sort","valueInteger":999999999},{"url":"http://hl7.org/fhir/StructureDefinition/implementationguide-page","valueUri":"Condition-StrokeRiskFactorConditionExample.html"}],"reference":{"reference":"Condition/StrokeRiskFactorConditionExample"},"name":"StrokeRiskFactorConditionExample","isExample":true,"profile":["http://tecnomod-um.org/StructureDefinition/stroke-risk-factor-condition-profile"],"groupingId":"-ex-example"},{"extension":[{"url":"http://hl7.org/fhir/tools/StructureDefinition/resource-sort","valueInteger":999999999},{"url":"http://hl7.org/fhir/StructureDefinition/implementationguide-page","valueUri":"Procedure-StrokeSwallowingExample.html"}],"reference":{"reference":"Procedure/StrokeSwallowingExample"},"name":"StrokeSwallowingExample","isExample":true,"profile":["http://tecnomod-um.org/StructureDefinition/stroke-swallow-procedure-profile"],"groupingId":"-ex-example"},{"extension":[{"url":"http://hl7.org/fhir/tools/StructureDefinition/resource-sort","valueInteger":999999999},{"url":"http://hl7.org/fhir/StructureDefinition/implementationguide-page","valueUri":"Procedure-StrokeThrombolysisExample.html"}],"reference":{"reference":"Procedure/StrokeThrombolysisExample"},"name":"StrokeThrombolysisExample","isExample":true,"profile":["http://tecnomod-um.org/StructureDefinition/stroke-mechanical-procedure-profile"],"groupingId":"-ex-example"},{"extension":[{"url":"http://hl7.org/fhir/tools/StructureDefinition/resource-sort","valueInteger":999999999},{"url":"http://hl7.org/fhir/StructureDefinition/implementationguide-page","valueUri":"Observation-TimingMetricObservationExample.html"}],"reference":{"reference":"Observation/TimingMetricObservationExample"},"name":"TimingMetricObservationExample","isExample":true,"profile":["http://tecnomod-um.org/StructureDefinition/timing-metric-observation-profile"],"groupingId":"-ex-example"},{"extension":[{"url":"http://hl7.org/fhir/tools/StructureDefinition/resource-sort","valueInteger":999999999},{"url":"http://hl7.org/fhir/StructureDefinition/implementationguide-page","valueUri":"Observation-VitalSignObservationExample.html"}],"reference":{"reference":"Observation/VitalSignObservationExample"},"name":"VitalSignObservationExample","isExample":true,"profile":["http://tecnomod-um.org/StructureDefinition/vital-sign-observation-profile"],"groupingId":"-ex-example"}],"page":{"sourceUrl":"toc.html","name":"toc.html","title":"Table of Contents","generation":"html","page":[{"sourceUrl":"index.html","name":"index.html","title":"Index","generation":"markdown"},{"sourceUrl":"conformance.html","name":"conformance.html","title":"Conformance","generation":"markdown"},{"sourceUrl":"guidance.html","name":"guidance.html","title":"Guidance","generation":"markdown"},{"sourceUrl":"downloads.html","name":"downloads.html","title":"Downloads","generation":"markdown"},{"sourceUrl":"history.html","name":"history.html","title":"History","generation":"markdown"},{"sourceUrl":"profiles.html","name":"profiles.html","title":"Profiles","generation":"markdown"},{"sourceUrl":"codesystems.html","name":"codesystems.html","title":"Codesystems","generation":"markdown"},{"sourceUrl":"valuesets.html","name":"valuesets.html","title":"Valuesets","generation":"markdown"},{"sourceUrl":"examples.html","name":"examples.html","title":"Examples","generation":"markdown"},{"sourceUrl":"extensions.html","name":"extensions.html","title":"Extensions","generation":"markdown"},{"sourceUrl":"artifacts.html","name":"artifacts.html","title":"Artifacts Summary","generation":"html","page":[{"sourceUrl":"StructureDefinition-age-at-onset-observation-profile.html","name":"StructureDefinition-age-at-onset-observation-profile.html","title":"Age at Stroke Onset Observation Profile (R5)","generation":"generated"},{"sourceUrl":"StructureDefinition-base-stroke-observation.html","name":"StructureDefinition-base-stroke-observation.html","title":"Base Profile for Stroke-Related Observations","generation":"generated"},{"sourceUrl":"StructureDefinition-discharge-medication-request-profile.html","name":"StructureDefinition-discharge-medication-request-profile.html","title":"Discharge Medication Request Profile","generation":"generated"},{"sourceUrl":"StructureDefinition-patient-age-gender-snomed-profile.html","name":"StructureDefinition-patient-age-gender-snomed-profile.html","title":"Patient with SNOMED Gender and Age (extensions)","generation":"generated"},{"sourceUrl":"StructureDefinition-prior-medication-statement-profile.html","name":"StructureDefinition-prior-medication-statement-profile.html","title":"Prior Medication Statement Profile (R5)","generation":"generated"},{"sourceUrl":"StructureDefinition-specific-finding-observation-profile.html","name":"StructureDefinition-specific-finding-observation-profile.html","title":"Specific Stroke Finding Observation Profile (R5)","generation":"generated"},{"sourceUrl":"StructureDefinition-stroke-brain-imaging-procedure-profile.html","name":"StructureDefinition-stroke-brain-imaging-procedure-profile.html","title":"Stroke Brain Imaging Procedure Profile (R5)","generation":"generated"},{"sourceUrl":"StructureDefinition-stroke-carotid-imaging-procedure-profile.html","name":"StructureDefinition-stroke-carotid-imaging-procedure-profile.html","title":"Stroke Carotid Imaging Procedure Profile (R5)","generation":"generated"},{"sourceUrl":"StructureDefinition-stroke-circumstance-observation-profile.html","name":"StructureDefinition-stroke-circumstance-observation-profile.html","title":"Stroke Circumstance Observation Profile (R5)","generation":"generated"},{"sourceUrl":"StructureDefinition-stroke-diagnosis-condition-profile.html","name":"StructureDefinition-stroke-diagnosis-condition-profile.html","title":"Stroke Diagnosis Condition Profile","generation":"generated"},{"sourceUrl":"StructureDefinition-stroke-encounter-profile.html","name":"StructureDefinition-stroke-encounter-profile.html","title":"Stroke Encounter Profile","generation":"generated"},{"sourceUrl":"StructureDefinition-functional-score-observation-profile.html","name":"StructureDefinition-functional-score-observation-profile.html","title":"Stroke Functional Score Observation Profile (R5, Timing Ext)","generation":"generated"},{"sourceUrl":"StructureDefinition-stroke-registry-organization-profile.html","name":"StructureDefinition-stroke-registry-organization-profile.html","title":"Stroke Registry Organization Profile","generation":"generated"},{"sourceUrl":"StructureDefinition-stroke-risk-factor-condition-profile.html","name":"StructureDefinition-stroke-risk-factor-condition-profile.html","title":"Stroke Risk Factor Condition Profile","generation":"generated"},{"sourceUrl":"StructureDefinition-stroke-swallow-procedure-profile.html","name":"StructureDefinition-stroke-swallow-procedure-profile.html","title":"Stroke Swallow Procedure Profile (R5)","generation":"generated"},{"sourceUrl":"StructureDefinition-stroke-mechanical-procedure-profile.html","name":"StructureDefinition-stroke-mechanical-procedure-profile.html","title":"Stroke Thrombolysis Procedure Profile (R5)","generation":"generated"},{"sourceUrl":"StructureDefinition-timing-metric-observation-profile.html","name":"StructureDefinition-timing-metric-observation-profile.html","title":"Stroke Timing Metric Observation Profile (R5)","generation":"generated"},{"sourceUrl":"StructureDefinition-vital-sign-observation-profile.html","name":"StructureDefinition-vital-sign-observation-profile.html","title":"Stroke Vital Sign Observation Profile (R5)","generation":"generated"},{"sourceUrl":"StructureDefinition-discharge-department-service-ext.html","name":"StructureDefinition-discharge-department-service-ext.html","title":"Discharge Department/Service Extension","generation":"generated"},{"sourceUrl":"StructureDefinition-first-hospital-ext.html","name":"StructureDefinition-first-hospital-ext.html","title":"First Hospital Extension","generation":"generated"},{"sourceUrl":"StructureDefinition-gender-snomed-ext.html","name":"StructureDefinition-gender-snomed-ext.html","title":"Gender (SNOMED CT)","generation":"generated"},{"sourceUrl":"StructureDefinition-hemorrhagic-stroke-bleeding-reason-ext.html","name":"StructureDefinition-hemorrhagic-stroke-bleeding-reason-ext.html","title":"Hemorrhagic Stroke – Bleeding Reason","generation":"generated"},{"sourceUrl":"StructureDefinition-initial-care-intensity-ext.html","name":"StructureDefinition-initial-care-intensity-ext.html","title":"Initial Care Intensity Extension","generation":"generated"},{"sourceUrl":"StructureDefinition-ischemic-stroke-etiology-ext.html","name":"StructureDefinition-ischemic-stroke-etiology-ext.html","title":"Ischemic Stroke – Etiology","generation":"generated"},{"sourceUrl":"StructureDefinition-observation-timing-context-ext.html","name":"StructureDefinition-observation-timing-context-ext.html","title":"Observation Timing Context Extension","generation":"generated"},{"sourceUrl":"StructureDefinition-patient-age-ext.html","name":"StructureDefinition-patient-age-ext.html","title":"Patient Age (integer)","generation":"generated"},{"sourceUrl":"StructureDefinition-procedure-timing-context-ext.html","name":"StructureDefinition-procedure-timing-context-ext.html","title":"Procedure Timing Context Extension","generation":"generated"},{"sourceUrl":"StructureDefinition-required-post-acute-care-ext.html","name":"StructureDefinition-required-post-acute-care-ext.html","title":"Required Post-Acute Care Extension","generation":"generated"},{"sourceUrl":"StructureDefinition-onset-date-ext.html","name":"StructureDefinition-onset-date-ext.html","title":"Stroke Onset Date","generation":"generated"},{"sourceUrl":"StructureDefinition-onset-time-ext.html","name":"StructureDefinition-onset-time-ext.html","title":"Stroke Onset Time","generation":"generated"},{"sourceUrl":"StructureDefinition-swallowing-screening-timing-category-ext.html","name":"StructureDefinition-swallowing-screening-timing-category-ext.html","title":"Swallowing Screening Timing Category","generation":"generated"},{"sourceUrl":"ValueSet-admission-source-vs.html","name":"ValueSet-admission-source-vs.html","title":"Admission Sources ValueSet","generation":"generated"},{"sourceUrl":"ValueSet-assessment-context-vs.html","name":"ValueSet-assessment-context-vs.html","title":"Assessment Context ValueSet","generation":"generated"},{"sourceUrl":"ValueSet-afib-flutter-status-vs.html","name":"ValueSet-afib-flutter-status-vs.html","title":"Atrial Fibrillation or Flutter Status ValueSet","generation":"generated"},{"sourceUrl":"ValueSet-brain-imaging-modality-vs.html","name":"ValueSet-brain-imaging-modality-vs.html","title":"Brain Imaging Modality ValueSet","generation":"generated"},{"sourceUrl":"ValueSet-carotid-imaging-modality-vs.html","name":"ValueSet-carotid-imaging-modality-vs.html","title":"Carotid Arteries Imaging Modality ValueSet","generation":"generated"},{"sourceUrl":"ValueSet-discharge-dept-vs.html","name":"ValueSet-discharge-dept-vs.html","title":"Discharge Department/Service ValueSet","generation":"generated"},{"sourceUrl":"ValueSet-discharge-destination-vs.html","name":"ValueSet-discharge-destination-vs.html","title":"Discharge Destination ValueSet","generation":"generated"},{"sourceUrl":"ValueSet-vs-gender-snomed.html","name":"ValueSet-vs-gender-snomed.html","title":"Gender (SNOMED CT)","generation":"generated"},{"sourceUrl":"ValueSet-hemorrhagic-stroke-bleeding-reason-vs.html","name":"ValueSet-hemorrhagic-stroke-bleeding-reason-vs.html","title":"Hemorrhagic Stroke Bleeding Reason ValueSet","generation":"generated"},{"sourceUrl":"ValueSet-initial-care-intensity-vs.html","name":"ValueSet-initial-care-intensity-vs.html","title":"Initial Care Intensity ValueSet","generation":"generated"},{"sourceUrl":"ValueSet-medication-vs.html","name":"ValueSet-medication-vs.html","title":"Medications ValueSet","generation":"generated"},{"sourceUrl":"ValueSet-mrs-score-vs.html","name":"ValueSet-mrs-score-vs.html","title":"modified Rankin Scale (mRS) Score ValueSet","generation":"generated"},{"sourceUrl":"ValueSet-mtici-code-vs.html","name":"ValueSet-mtici-code-vs.html","title":"mTICI Score Codes ValueSet","generation":"generated"},{"sourceUrl":"ValueSet-mtici-score-vs.html","name":"ValueSet-mtici-score-vs.html","title":"MTICI Score ValueSet","generation":"generated"},{"sourceUrl":"ValueSet-perforation-procedures-vs.html","name":"ValueSet-perforation-procedures-vs.html","title":"Perforation Procedures ValueSet","generation":"generated"},{"sourceUrl":"ValueSet-procedure-timing-context-vs.html","name":"ValueSet-procedure-timing-context-vs.html","title":"Procedure Timing Context ValueSet","generation":"generated"},{"sourceUrl":"ValueSet-specific-finding-codes-vs.html","name":"ValueSet-specific-finding-codes-vs.html","title":"Specific Stroke Finding Codes ValueSet","generation":"generated"},{"sourceUrl":"ValueSet-stroke-finding-codes-vs.html","name":"ValueSet-stroke-finding-codes-vs.html","title":"Specific Stroke Finding Codes ValueSet","generation":"generated"},{"sourceUrl":"ValueSet-stroke-arrival-mode-vs.html","name":"ValueSet-stroke-arrival-mode-vs.html","title":"Stroke Arrival Mode ValueSet","generation":"generated"},{"sourceUrl":"ValueSet-stroke-circumstance-codes-vs.html","name":"ValueSet-stroke-circumstance-codes-vs.html","title":"Stroke Circumstance Codes ValueSet","generation":"generated"},{"sourceUrl":"ValueSet-stroke-diagnosis-vs.html","name":"ValueSet-stroke-diagnosis-vs.html","title":"Stroke Diagnosis ValueSet","generation":"generated"},{"sourceUrl":"ValueSet-stroke-discharge-destination-vs.html","name":"ValueSet-stroke-discharge-destination-vs.html","title":"Stroke Discharge Destination ValueSet","generation":"generated"},{"sourceUrl":"ValueSet-stroke-etiology-vs.html","name":"ValueSet-stroke-etiology-vs.html","title":"Stroke Etiology ValueSet","generation":"generated"},{"sourceUrl":"ValueSet-functional-score-codes-vs.html","name":"ValueSet-functional-score-codes-vs.html","title":"Stroke Functional Score Codes ValueSet","generation":"generated"},{"sourceUrl":"ValueSet-stroke-proc-not-done-reason-vs.html","name":"ValueSet-stroke-proc-not-done-reason-vs.html","title":"Stroke Procedure Not Done Reason ValueSet","generation":"generated"},{"sourceUrl":"ValueSet-stroke-risk-factor-vs.html","name":"ValueSet-stroke-risk-factor-vs.html","title":"Stroke Risk Factor ValueSet","generation":"generated"},{"sourceUrl":"ValueSet-timing-metric-codes-vs.html","name":"ValueSet-timing-metric-codes-vs.html","title":"Stroke Timing Metric Codes ValueSet","generation":"generated"},{"sourceUrl":"ValueSet-vital-sign-codes-vs.html","name":"ValueSet-vital-sign-codes-vs.html","title":"Stroke Vital Sign Codes ValueSet","generation":"generated"},{"sourceUrl":"ValueSet-swallow-procedures-vs.html","name":"ValueSet-swallow-procedures-vs.html","title":"Swallow Procedures ValueSet","generation":"generated"},{"sourceUrl":"ValueSet-swallowing-screening-timing-category-vs.html","name":"ValueSet-swallowing-screening-timing-category-vs.html","title":"Swallowing Screening Timing Category ValueSet","generation":"generated"},{"sourceUrl":"ValueSet-thrombectomy-complication-vs.html","name":"ValueSet-thrombectomy-complication-vs.html","title":"Thrombectomy Complication ValueSet","generation":"generated"},{"sourceUrl":"CodeSystem-assessment-context-cs.html","name":"CodeSystem-assessment-context-cs.html","title":"Assessment Context Code System","generation":"generated"},{"sourceUrl":"CodeSystem-brain-imaging-type-cs.html","name":"CodeSystem-brain-imaging-type-cs.html","title":"Brain Imaging Type Code System","generation":"generated"},{"sourceUrl":"CodeSystem-discharge-dept-cs.html","name":"CodeSystem-discharge-dept-cs.html","title":"Discharge Department/Service Code System","generation":"generated"},{"sourceUrl":"CodeSystem-hemorrhagic-stroke-bleeding-reason-cs.html","name":"CodeSystem-hemorrhagic-stroke-bleeding-reason-cs.html","title":"Hemorrhagic Stroke Bleeding Reason Code System","generation":"generated"},{"sourceUrl":"CodeSystem-stroke-arrival-mode-cs.html","name":"CodeSystem-stroke-arrival-mode-cs.html","title":"Initial Care Intensity Code System","generation":"generated"},{"sourceUrl":"CodeSystem-initial-care-intensity-cs.html","name":"CodeSystem-initial-care-intensity-cs.html","title":"Initial Care Intensity Code System","generation":"generated"},{"sourceUrl":"CodeSystem-medication-cs.html","name":"CodeSystem-medication-cs.html","title":"Medications CodeSystem","generation":"generated"},{"sourceUrl":"CodeSystem-mrs-score-cs.html","name":"CodeSystem-mrs-score-cs.html","title":"modified Rankin Scale (mRS) Score Code System","generation":"generated"},{"sourceUrl":"CodeSystem-mtici-score-cs.html","name":"CodeSystem-mtici-score-cs.html","title":"MTICI Score Code System","generation":"generated"},{"sourceUrl":"CodeSystem-mtici-code-cs.html","name":"CodeSystem-mtici-code-cs.html","title":"mTICI Score Codes CodeSystem","generation":"generated"},{"sourceUrl":"CodeSystem-procedure-timing-context-cs.html","name":"CodeSystem-procedure-timing-context-cs.html","title":"Procedure Timing Context Code System","generation":"generated"},{"sourceUrl":"CodeSystem-stroke-circumstance-codes-cs.html","name":"CodeSystem-stroke-circumstance-codes-cs.html","title":"Stroke Circumstance Codes CodeSystem","generation":"generated"},{"sourceUrl":"CodeSystem-stroke-discharge-destination-cs.html","name":"CodeSystem-stroke-discharge-destination-cs.html","title":"Stroke Discharge Destination Code System","generation":"generated"},{"sourceUrl":"CodeSystem-stroke-etiology-cs.html","name":"CodeSystem-stroke-etiology-cs.html","title":"Stroke Etiology Code System","generation":"generated"},{"sourceUrl":"CodeSystem-stroke-proc-not-done-reason-cs.html","name":"CodeSystem-stroke-proc-not-done-reason-cs.html","title":"Stroke Procedure Not Done Reason Code System","generation":"generated"},{"sourceUrl":"CodeSystem-timing-metric-codes-cs.html","name":"CodeSystem-timing-metric-codes-cs.html","title":"Stroke Timing Metric Codes ValueSet","generation":"generated"},{"sourceUrl":"CodeSystem-swallow-procedures-cs.html","name":"CodeSystem-swallow-procedures-cs.html","title":"Swallow Procedures Code System","generation":"generated"},{"sourceUrl":"CodeSystem-swallow-screen-time-cs.html","name":"CodeSystem-swallow-screen-time-cs.html","title":"Swallowing Screening Timing Category Code System","generation":"generated"},{"sourceUrl":"CodeSystem-thrombectomy-complication-cs.html","name":"CodeSystem-thrombectomy-complication-cs.html","title":"Thrombectomy Complication Code System","generation":"generated"},{"sourceUrl":"Observation-AgeAtOnsetObservationExample.html","name":"Observation-AgeAtOnsetObservationExample.html","title":"AgeAtOnsetObservationExample","generation":"generated"},{"sourceUrl":"MedicationRequest-discharge-medication-request-001.html","name":"MedicationRequest-discharge-medication-request-001.html","title":"DischargeMedicationRequest","generation":"generated"},{"sourceUrl":"Organization-ExampleStrokeOrganization.html","name":"Organization-ExampleStrokeOrganization.html","title":"Example Stroke Registry Organization","generation":"generated"},{"sourceUrl":"Observation-FunctionalScoreObservationExample.html","name":"Observation-FunctionalScoreObservationExample.html","title":"FunctionalScoreObservationExample","generation":"generated"},{"sourceUrl":"Patient-PatientAgeGenderSnomedExample.html","name":"Patient-PatientAgeGenderSnomedExample.html","title":"PatientAgeGenderSnomedExample","generation":"generated"},{"sourceUrl":"Patient-example-patient.html","name":"Patient-example-patient.html","title":"PatientExample","generation":"generated"},{"sourceUrl":"MedicationStatement-PriorMedicationStatementExample.html","name":"MedicationStatement-PriorMedicationStatementExample.html","title":"PriorMedicationStatementExample","generation":"generated"},{"sourceUrl":"Observation-SpecificFindingObservationExample.html","name":"Observation-SpecificFindingObservationExample.html","title":"SpecificFindingObservationExample","generation":"generated"},{"sourceUrl":"Observation-SpecificFindingObservationExampleMTICI.html","name":"Observation-SpecificFindingObservationExampleMTICI.html","title":"SpecificFindingObservationExampleMTICI","generation":"generated"},{"sourceUrl":"Procedure-StrokeBrainImagingExample.html","name":"Procedure-StrokeBrainImagingExample.html","title":"StrokeBrainImagingExample","generation":"generated"},{"sourceUrl":"Procedure-StrokeCarotidImagingExample.html","name":"Procedure-StrokeCarotidImagingExample.html","title":"StrokeCarotidImagingExample","generation":"generated"},{"sourceUrl":"Observation-StrokeCircumstanceObservationExampleWakeUp.html","name":"Observation-StrokeCircumstanceObservationExampleWakeUp.html","title":"StrokeCircumstanceObservationExampleWakeUp","generation":"generated"},{"sourceUrl":"Condition-StrokeDiagnosisConditionAFib.html","name":"Condition-StrokeDiagnosisConditionAFib.html","title":"StrokeDiagnosisConditionAFib","generation":"generated"},{"sourceUrl":"Condition-StrokeDiagnosisConditionAFlutter.html","name":"Condition-StrokeDiagnosisConditionAFlutter.html","title":"StrokeDiagnosisConditionAFlutter","generation":"generated"},{"sourceUrl":"Condition-StrokeDiagnosisConditionExample.html","name":"Condition-StrokeDiagnosisConditionExample.html","title":"StrokeDiagnosisConditionExample","generation":"generated"},{"sourceUrl":"Encounter-StrokeEncounterExample.html","name":"Encounter-StrokeEncounterExample.html","title":"StrokeEncounterExample","generation":"generated"},{"sourceUrl":"Condition-StrokeRiskFactorConditionExample.html","name":"Condition-StrokeRiskFactorConditionExample.html","title":"StrokeRiskFactorConditionExample","generation":"generated"},{"sourceUrl":"Procedure-StrokeSwallowingExample.html","name":"Procedure-StrokeSwallowingExample.html","title":"StrokeSwallowingExample","generation":"generated"},{"sourceUrl":"Procedure-StrokeThrombolysisExample.html","name":"Procedure-StrokeThrombolysisExample.html","title":"StrokeThrombolysisExample","generation":"generated"},{"sourceUrl":"Observation-TimingMetricObservationExample.html","name":"Observation-TimingMetricObservationExample.html","title":"TimingMetricObservationExample","generation":"generated"},{"sourceUrl":"Observation-VitalSignObservationExample.html","name":"Observation-VitalSignObservationExample.html","title":"VitalSignObservationExample","generation":"generated"}]}]},"parameter":[{"code":{"system":"http://hl7.org/fhir/tools/CodeSystem/ig-parameters","code":"copyrightyear"},"value":"2025+"},{"code":{"system":"http://hl7.org/fhir/tools/CodeSystem/ig-parameters","code":"releaselabel"},"value":"5"},{"code":{"system":"http://hl7.org/fhir/tools/CodeSystem/ig-parameters","code":"broken-links"},"value":"warning"},{"code":{"system":"http://hl7.org/fhir/tools/CodeSystem/ig-parameters","code":"check-urls"},"value":"true"},{"code":{"system":"http://hl7.org/fhir/tools/CodeSystem/ig-parameters","code":"excludettl"},"value":"true"},{"code":{"system":"http://hl7.org/fhir/tools/CodeSystem/ig-parameters","code":"autoload-resources"},"value":"true"},{"code":{"system":"http://hl7.org/fhir/guide-parameter-code","code":"path-resource"},"value":"input/capabilities"},{"code":{"system":"http://hl7.org/fhir/guide-parameter-code","code":"path-resource"},"value":"input/examples"},{"code":{"system":"http://hl7.org/fhir/guide-parameter-code","code":"path-resource"},"value":"input/extensions"},{"code":{"system":"http://hl7.org/fhir/guide-parameter-code","code":"path-resource"},"value":"input/models"},{"code":{"system":"http://hl7.org/fhir/guide-parameter-code","code":"path-resource"},"value":"input/operations"},{"code":{"system":"http://hl7.org/fhir/guide-parameter-code","code":"path-resource"},"value":"input/profiles"},{"code":{"system":"http://hl7.org/fhir/guide-parameter-code","code":"path-resource"},"value":"input/resources"},{"code":{"system":"http://hl7.org/fhir/guide-parameter-code","code":"path-resource"},"value":"input/vocabulary"},{"code":{"system":"http://hl7.org/fhir/guide-parameter-code","code":"path-resource"},"value":"input/maps"},{"code":{"system":"http://hl7.org/fhir/guide-parameter-code","code":"path-resource"},"value":"input/testing"},{"code":{"system":"http://hl7.org/fhir/guide-parameter-code","code":"path-resource"},"value":"input/history"},{"code":{"system":"http://hl7.org/fhir/guide-parameter-code","code":"path-resource"},"value":"fsh-generated/resources"},{"code":{"system":"http://hl7.org/fhir/guide-parameter-code","code":"path-pages"},"value":"template/config"},{"code":{"system":"http://hl7.org/fhir/guide-parameter-code","code":"path-pages"},"value":"input/images"},{"code":{"system":"http://hl7.org/fhir/tools/CodeSystem/ig-parameters","code":"path-liquid"},"value":"template/liquid"},{"code":{"system":"http://hl7.org/fhir/tools/CodeSystem/ig-parameters","code":"path-liquid"},"value":"input/liquid"},{"code":{"system":"http://hl7.org/fhir/tools/CodeSystem/ig-parameters","code":"path-qa"},"value":"temp/qa"},{"code":{"system":"http://hl7.org/fhir/tools/CodeSystem/ig-parameters","code":"path-temp"},"value":"temp/pages"},{"code":{"system":"http://hl7.org/fhir/tools/CodeSystem/ig-parameters","code":"path-output"},"value":"output"},{"code":{"system":"http://hl7.org/fhir/guide-parameter-code","code":"path-tx-cache"},"value":"input-cache/txcache"},{"code":{"system":"http://hl7.org/fhir/tools/CodeSystem/ig-parameters","code":"path-suppressed-warnings"},"value":"input/ignoreWarnings.txt"},{"code":{"system":"http://hl7.org/fhir/tools/CodeSystem/ig-parameters","code":"path-history"},"value":"history.html"},{"code":{"system":"http://hl7.org/fhir/tools/CodeSystem/ig-parameters","code":"template-html"},"value":"template-page.html"},{"code":{"system":"http://hl7.org/fhir/tools/CodeSystem/ig-parameters","code":"template-md"},"value":"template-page-md.html"},{"code":{"system":"http://hl7.org/fhir/tools/CodeSystem/ig-parameters","code":"apply-contact"},"value":"true"},{"code":{"system":"http://hl7.org/fhir/tools/CodeSystem/ig-parameters","code":"apply-context"},"value":"true"},{"code":{"system":"http://hl7.org/fhir/tools/CodeSystem/ig-parameters","code":"apply-copyright"},"value":"true"},{"code":{"system":"http://hl7.org/fhir/tools/CodeSystem/ig-parameters","code":"apply-jurisdiction"},"value":"true"},{"code":{"system":"http://hl7.org/fhir/tools/CodeSystem/ig-parameters","code":"apply-license"},"value":"true"},{"code":{"system":"http://hl7.org/fhir/tools/CodeSystem/ig-parameters","code":"apply-publisher"},"value":"true"},{"code":{"system":"http://hl7.org/fhir/tools/CodeSystem/ig-parameters","code":"apply-version"},"value":"true"},{"code":{"system":"http://hl7.org/fhir/tools/CodeSystem/ig-parameters","code":"apply-wg"},"value":"true"},{"code":{"system":"http://hl7.org/fhir/tools/CodeSystem/ig-parameters","code":"active-tables"},"value":"true"},{"code":{"system":"http://hl7.org/fhir/tools/CodeSystem/ig-parameters","code":"fmm-definition"},"value":"http://hl7.org/fhir/versions.html#maturity"},{"code":{"system":"http://hl7.org/fhir/tools/CodeSystem/ig-parameters","code":"propagate-status"},"value":"true"},{"code":{"system":"http://hl7.org/fhir/tools/CodeSystem/ig-parameters","code":"excludelogbinaryformat"},"value":"true"},{"code":{"system":"http://hl7.org/fhir/tools/CodeSystem/ig-parameters","code":"tabbed-snapshots"},"value":"true"}]}}