{"resourceType":"ValueSet","id":"assessment-context-vs","text":{"status":"generated","div":"<div xmlns=\"http://www.w3.org/1999/xhtml\"><p class=\"res-header-id\"><b>Generated Narrative: ValueSet assessment-context-vs</b></p><a name=\"assessment-context-vs\"> </a><a name=\"hcassessment-context-vs\"> </a><ul><li>Include all codes defined in <a href=\"CodeSystem-assessment-context-cs.html\"><code>http://testSK.org/CodeSystem/assessment-context-cs</code></a><span title=\"Version is not explicitly stated, which means it is fixed to the version provided in this specification\"> version &#x1F4E6;0.1.0</span></li></ul></div>"},"url":"http://testSK.org/ValueSet/assessment-context-vs","version":"0.1.0","name":"AssessmentContextVS","title":"Assessment Context ValueSet","status":"active","date":"2025-10-22T14:41:09+00:00","publisher":"UMU","contact":[{"name":"UMU","telecom":[{"system":"url","value":"http://testSK.org/umu"}]}],"description":"ValueSet for assessment context codes (e.g., timing of functional scores).","compose":{"include":[{"system":"http://testSK.org/CodeSystem/assessment-context-cs"}]}}