{"resourceType":"ValueSet","id":"functional-score-codes-vs","text":{"status":"generated","div":"<div xmlns=\"http://www.w3.org/1999/xhtml\"><p class=\"res-header-id\"><b>Generated Narrative: ValueSet functional-score-codes-vs</b></p><a name=\"functional-score-codes-vs\"> </a><a name=\"hcfunctional-score-codes-vs\"> </a><ul><li>Include these codes as defined in <a href=\"http://www.snomed.org/\"><code>http://snomed.info/sct</code></a><span title=\"Version is not explicity stated. No matching Code System found\"> version Not Stated (use latest from terminology server)</span><table class=\"none\"><tr><td style=\"white-space:nowrap\"><b>Code</b></td><td><b>Display</b></td></tr><tr><td><a href=\"http://snomed.info/id/1255866005\">1255866005</a></td><td>Modified Rankin Scale score (observable entity)</td></tr><tr><td><a href=\"http://snomed.info/id/450743008\">450743008</a></td><td>National Institutes of Health stroke scale score (observable entity)</td></tr></table></li></ul></div>"},"url":"http://tecnomod-um.org/ValueSet/functional-score-codes-vs","version":"0.1.0","name":"FunctionalScoreCodesVS","title":"Stroke Functional Score Codes ValueSet","status":"active","date":"2025-11-19T10:08:33+00:00","publisher":"UMU","contact":[{"name":"UMU","telecom":[{"system":"url","value":"http://tecnomod-um.org"}]}],"description":"Codes for key functional scores used in stroke (mRS, NIHSS).","compose":{"include":[{"system":"http://snomed.info/sct","concept":[{"code":"1255866005","display":"Modified Rankin Scale score (observable entity)"},{"code":"450743008","display":"National Institutes of Health stroke scale score (observable entity)"}]}]}}