{"resourceType":"ValueSet","id":"medication-vs","text":{"status":"generated","div":"<div xmlns=\"http://www.w3.org/1999/xhtml\"><p class=\"res-header-id\"><b>Generated Narrative: ValueSet medication-vs</b></p><a name=\"medication-vs\"> </a><a name=\"hcmedication-vs\"> </a><p>This value set includes codes based on the following rules:</p><ul><li>Include these codes as defined in <a href=\"http://www.snomed.org/\"><code>http://snomed.info/sct</code></a><span title=\"Version is not explicity stated. No matching Code System found\"> version Not Stated (use latest from terminology server)</span><table class=\"none\"><tr><td style=\"white-space:nowrap\"><b>Code</b></td><td><b>Display</b></td></tr><tr><td><a href=\"http://snomed.info/id/372756006\">372756006</a></td><td>Warfarin (substance)</td></tr><tr><td><a href=\"http://snomed.info/id/372586001\">372586001</a></td><td>Hypotensive agent (substance)</td></tr><tr><td><a href=\"http://snomed.info/id/372862008\">372862008</a></td><td>Anticoagulant (substance)</td></tr><tr><td><a href=\"http://snomed.info/id/1237404009\">1237404009</a></td><td>Uses hormone method of contraception (finding)</td></tr><tr><td><a href=\"http://snomed.info/id/372912004\">372912004</a></td><td>Substance with 3-hydroxy-3-methylglutaryl-coenzyme A reductase inhibitor mechanism of action (substance)</td></tr><tr><td><a href=\"http://snomed.info/id/387458008\">387458008</a></td><td>Aspirin (substance)</td></tr><tr><td><a href=\"http://snomed.info/id/386952008\">386952008</a></td><td>Clopidogrel (substance)</td></tr><tr><td><a href=\"http://snomed.info/id/372877000\">372877000</a></td><td>Heparin (substance)</td></tr></table></li><li>Include all codes defined in <a href=\"CodeSystem-medication-cs.html\"><code>http://testSK.org/CodeSystem/medication-cs</code></a><span title=\"Version is not explicitly stated, which means it is fixed to the version provided in this specification\"> version &#x1F4E6;0.1.0</span></li><li>Import all the codes that are contained in https://hl7.org/fhir/uv/ips/ValueSet-absent-or-unknown-medications-uv-ips.html</li></ul></div>"},"url":"http://testSK.org/ValueSet/medication-vs","version":"0.1.0","name":"MedicationVS","title":"Medications ValueSet","status":"draft","date":"2025-10-30T10:02:42+00:00","publisher":"UMU","contact":[{"name":"UMU","telecom":[{"system":"url","value":"http://testSK.org/umu"}]}],"description":"SNOMED CT codes for drug products or substances.","compose":{"include":[{"system":"http://snomed.info/sct","concept":[{"code":"372756006","display":"Warfarin (substance)"},{"code":"372586001","display":"Hypotensive agent (substance)"},{"code":"372862008","display":"Anticoagulant (substance)"},{"code":"1237404009","display":"Uses hormone method of contraception (finding)"},{"code":"372912004","display":"Substance with 3-hydroxy-3-methylglutaryl-coenzyme A reductase inhibitor mechanism of action (substance)"},{"code":"387458008","display":"Aspirin (substance)"},{"code":"386952008","display":"Clopidogrel (substance)"},{"code":"372877000","display":"Heparin (substance)"}]},{"system":"http://testSK.org/CodeSystem/medication-cs"},{"valueSet":["https://hl7.org/fhir/uv/ips/ValueSet-absent-or-unknown-medications-uv-ips.html"]}]}}