{"resourceType":"ValueSet","id":"stroke-etiology-vs","text":{"status":"generated","div":"<div xmlns=\"http://www.w3.org/1999/xhtml\"><p class=\"res-header-id\"><b>Generated Narrative: ValueSet stroke-etiology-vs</b></p><a name=\"stroke-etiology-vs\"> </a><a name=\"hcstroke-etiology-vs\"> </a><p>This value set includes codes based on the following rules:</p><ul><li>Include all codes defined in <a href=\"CodeSystem-stroke-etiology-cs.html\"><code>http://testSK.org/CodeSystem/stroke-etiology-cs</code></a><span title=\"Version is not explicitly stated, which means it is fixed to the version provided in this specification\"> version &#x1F4E6;0.1.0</span></li><li>Include these codes as defined in <a href=\"http://www.snomed.org/\"><code>http://snomed.info/sct</code></a><span title=\"Version is not explicity stated. No matching Code System found\"> version Not Stated (use latest from terminology server)</span><table class=\"none\"><tr><td style=\"white-space:nowrap\"><b>Code</b></td><td><b>Display</b></td></tr><tr><td><a href=\"http://snomed.info/id/16891111000119104\">16891111000119104</a></td><td>Cryptogenic stroke (disorder)</td></tr><tr><td><a href=\"http://snomed.info/id/413758000\">413758000</a></td><td>Cardioembolic stroke (disorder)</td></tr></table></li></ul></div>"},"url":"http://testSK.org/ValueSet/stroke-etiology-vs","version":"0.1.0","name":"StrokeEtiologyVS","title":"Stroke Etiology ValueSet","status":"draft","experimental":true,"date":"2025-03-31","publisher":"UMU","contact":[{"name":"UMU","telecom":[{"system":"url","value":"http://testSK.org/umu"}]}],"description":"Specifies the determined etiology of an stroke.","immutable":false,"purpose":"To support classification of stroke etiology using a mix of local codes and selected SNOMED CT concepts.","copyright":"This value set includes locally governed concepts and SNOMED CT® content. SNOMED CT® is distributed by SNOMED International.","compose":{"include":[{"system":"http://testSK.org/CodeSystem/stroke-etiology-cs"},{"system":"http://snomed.info/sct","concept":[{"code":"16891111000119104","display":"Cryptogenic stroke (disorder)"},{"code":"413758000","display":"Cardioembolic stroke (disorder)"}]}]}}