{"resourceType":"ValueSet","id":"mtici-code-vs","text":{"status":"generated","div":"<div xmlns=\"http://www.w3.org/1999/xhtml\"><p class=\"res-header-id\"><b>Generated Narrative: ValueSet mtici-code-vs</b></p><a name=\"mtici-code-vs\"> </a><a name=\"hcmtici-code-vs\"> </a><ul><li>Include all codes defined in <a href=\"CodeSystem-mtici-code-cs.html\"><code>http://tecnomod-um.org/CodeSystem/mtici-code-cs</code></a><span title=\"Version is not explicitly stated, which means it is fixed to the version provided in this specification\"> version &#x1F4E6;0.1.0</span></li></ul></div>"},"url":"http://tecnomod-um.org/ValueSet/mtici-code-vs","version":"0.1.0","name":"MTICICodeVS","title":"mTICI Score Codes ValueSet","status":"active","date":"2025-11-18T09:01:12+00:00","publisher":"UMU","contact":[{"name":"UMU","telecom":[{"system":"url","value":"http://tecnomod-um.org"}]}],"description":"ValueSet containing the codes to represent the mTICI score used to assess the degree of reperfusion after a thrombectomy procedure.","compose":{"include":[{"system":"http://tecnomod-um.org/CodeSystem/mtici-code-cs"}]}}