{
  "resourceType" : "Condition",
  "id" : "StrokeDiagnosisConditionExample",
  "meta" : {
    "profile" : ["http://testSK.org/StructureDefinition/stroke-diagnosis-condition-profile"]
  },
  "text" : {
    "status" : "generated",
    "div" : "<div xmlns=\"http://www.w3.org/1999/xhtml\"><p class=\"res-header-id\"><b>Generated Narrative: Condition StrokeDiagnosisConditionExample</b></p><a name=\"StrokeDiagnosisConditionExample\"> </a><a name=\"hcStrokeDiagnosisConditionExample\"> </a><div style=\"display: inline-block; background-color: #d9e0e7; padding: 6px; margin: 4px; border: 1px solid #8da1b4; border-radius: 5px; line-height: 60%\"><p style=\"margin-bottom: 0px\"/><p style=\"margin-bottom: 0px\">Profile: <a href=\"StructureDefinition-stroke-diagnosis-condition-profile.html\">Stroke Diagnosis Condition Profile</a></p></div><p><b>clinicalStatus</b>: <span title=\"Codes:{http://terminology.hl7.org/CodeSystem/condition-clinical active}\">Active</span></p><p><b>category</b>: <span title=\"Codes:{http://terminology.hl7.org/CodeSystem/condition-category encounter-diagnosis}\">Encounter Diagnosis</span></p><p><b>code</b>: <span title=\"Codes:{http://snomed.info/sct 266257000}\">Transient ischemic attack (disorder)</span></p><p><b>subject</b>: <a href=\"Patient-example-patient.html\">Anonymous Patient (no stated gender), DoB Unknown</a></p><p><b>encounter</b>: <a href=\"Encounter-StrokeEncounterExample.html\">Encounter: extension = true,ICU / Stroke Unit,false,Neurology department (environment); status = completed; type = Inpatient Encounter; actualPeriod = 2025-03-01 08:00:00+0000 --&gt; 2025-03-10 12:00:00+0000</a></p></div>"
  },
  "clinicalStatus" : {
    "coding" : [{
      "system" : "http://terminology.hl7.org/CodeSystem/condition-clinical",
      "code" : "active"
    }]
  },
  "category" : [{
    "coding" : [{
      "system" : "http://terminology.hl7.org/CodeSystem/condition-category",
      "code" : "encounter-diagnosis",
      "display" : "Encounter Diagnosis"
    }]
  }],
  "code" : {
    "coding" : [{
      "system" : "http://snomed.info/sct",
      "code" : "266257000",
      "display" : "Transient ischemic attack (disorder)"
    }]
  },
  "subject" : {
    "reference" : "Patient/example-patient"
  },
  "encounter" : {
    "reference" : "Encounter/StrokeEncounterExample"
  }
}