{
  "resourceType" : "Observation",
  "id" : "FunctionalScoreObservationExample",
  "meta" : {
    "profile" : ["http://tecnomod-um.org/StructureDefinition/functional-score-observation-profile"]
  },
  "text" : {
    "status" : "extensions",
    "div" : "<div xmlns=\"http://www.w3.org/1999/xhtml\"><p class=\"res-header-id\"><b>Generated Narrative: Observation FunctionalScoreObservationExample</b></p><a name=\"FunctionalScoreObservationExample\"> </a><a name=\"hcFunctionalScoreObservationExample\"> </a><div style=\"display: inline-block; background-color: #d9e0e7; padding: 6px; margin: 4px; border: 1px solid #8da1b4; border-radius: 5px; line-height: 60%\"><p style=\"margin-bottom: 0px\"/><p style=\"margin-bottom: 0px\">Profile: <a href=\"StructureDefinition-functional-score-observation-profile.html\">Stroke Functional Score Observation Profile (R5, Timing Ext)</a></p></div><p><b>Observation Timing Context Extension</b>: <span title=\"Codes:{http://tecnomod-um.org/CodeSystem/assessment-context-cs pre-stroke}\">Pre-stroke</span></p><p><b>status</b>: Final</p><p><b>category</b>: <span title=\"Codes:{http://terminology.hl7.org/CodeSystem/observation-category exam}\">Exam</span></p><p><b>code</b>: <span title=\"Codes:{http://snomed.info/sct 1255866005}\">Modified Rankin Scale score (observable entity)</span></p><p><b>subject</b>: <a href=\"Patient-example-patient.html\">Anonymous Patient (no stated gender), DoB Unknown</a></p><p><b>encounter</b>: <a href=\"Encounter-StrokeEncounterExample.html\">Encounter: extension = true,ICU / Stroke Unit,false,Neurology; status = completed; type = Inpatient Encounter; actualPeriod = 2025-03-01 08:00:00+0000 --&gt; 2025-03-10 12:00:00+0000</a></p><p><b>value</b>: <span title=\"Codes:{http://tecnomod-um.org/CodeSystem/mrs-score-cs 0}\">No symptoms</span></p></div>"
  },
  "extension" : [{
    "url" : "http://tecnomod-um.org/StructureDefinition/observation-timing-context-ext",
    "valueCodeableConcept" : {
      "coding" : [{
        "system" : "http://tecnomod-um.org/CodeSystem/assessment-context-cs",
        "code" : "pre-stroke",
        "display" : "Pre-stroke"
      }]
    }
  }],
  "status" : "final",
  "category" : [{
    "coding" : [{
      "system" : "http://terminology.hl7.org/CodeSystem/observation-category",
      "code" : "exam"
    }]
  }],
  "code" : {
    "coding" : [{
      "system" : "http://snomed.info/sct",
      "code" : "1255866005",
      "display" : "Modified Rankin Scale score (observable entity)"
    }]
  },
  "subject" : {
    "reference" : "Patient/example-patient"
  },
  "encounter" : {
    "reference" : "Encounter/StrokeEncounterExample"
  },
  "valueCodeableConcept" : {
    "coding" : [{
      "system" : "http://tecnomod-um.org/CodeSystem/mrs-score-cs",
      "code" : "0",
      "display" : "No symptoms"
    }]
  }
}