{
  "resourceType" : "Observation",
  "id" : "TimingMetricObservationExample",
  "meta" : {
    "profile" : ["http://testSK.org/StructureDefinition/timing-metric-observation-profile"]
  },
  "text" : {
    "status" : "generated",
    "div" : "<div xmlns=\"http://www.w3.org/1999/xhtml\"><p class=\"res-header-id\"><b>Generated Narrative: Observation TimingMetricObservationExample</b></p><a name=\"TimingMetricObservationExample\"> </a><a name=\"hcTimingMetricObservationExample\"> </a><div style=\"display: inline-block; background-color: #d9e0e7; padding: 6px; margin: 4px; border: 1px solid #8da1b4; border-radius: 5px; line-height: 60%\"><p style=\"margin-bottom: 0px\"/><p style=\"margin-bottom: 0px\">Profile: <a href=\"StructureDefinition-timing-metric-observation-profile.html\">Stroke Timing Metric Observation Profile (R5)</a></p></div><p><b>status</b>: Final</p><p><b>category</b>: <span title=\"Codes:{http://terminology.hl7.org/CodeSystem/observation-category procedure}\">Procedure</span></p><p><b>code</b>: <span title=\"Codes:{http://testSK.org/CodeSystem/timing-metric-codes-cs D2N}\">Door to Needle</span></p><p><b>subject</b>: <a href=\"Patient-example-patient.html\">Anonymous Patient (no stated gender), DoB Unknown</a></p><p><b>encounter</b>: <a href=\"Encounter-StrokeEncounterExample.html\">Encounter: extension = true,ICU / Stroke Unit,false,Neurology department (environment); status = completed; type = Inpatient Encounter; actualPeriod = 2025-03-01 08:00:00+0000 --&gt; 2025-03-10 12:00:00+0000</a></p><p><b>value</b>: 30 minute<span style=\"background: LightGoldenRodYellow\"> (Details: ucum  codemin = 'min')</span></p></div>"
  },
  "status" : "final",
  "category" : [{
    "coding" : [{
      "system" : "http://terminology.hl7.org/CodeSystem/observation-category",
      "code" : "procedure"
    }]
  }],
  "code" : {
    "coding" : [{
      "system" : "http://testSK.org/CodeSystem/timing-metric-codes-cs",
      "code" : "D2N",
      "display" : "Door to Needle"
    }]
  },
  "subject" : {
    "reference" : "Patient/example-patient"
  },
  "encounter" : {
    "reference" : "Encounter/StrokeEncounterExample"
  },
  "valueQuantity" : {
    "value" : 30,
    "unit" : "minute",
    "system" : "https://ucum.org/ucum",
    "code" : "min"
  }
}