{
  "resourceType" : "Observation",
  "id" : "StrokeCircumstanceObservationExampleWakeUp",
  "meta" : {
    "profile" : ["http://tecnomod-um.org/StructureDefinition/stroke-circumstance-observation-profile"]
  },
  "text" : {
    "status" : "generated",
    "div" : "<div xmlns=\"http://www.w3.org/1999/xhtml\"><p class=\"res-header-id\"><b>Generated Narrative: Observation StrokeCircumstanceObservationExampleWakeUp</b></p><a name=\"StrokeCircumstanceObservationExampleWakeUp\"> </a><a name=\"hcStrokeCircumstanceObservationExampleWakeUp\"> </a><div style=\"display: inline-block; background-color: #d9e0e7; padding: 6px; margin: 4px; border: 1px solid #8da1b4; border-radius: 5px; line-height: 60%\"><p style=\"margin-bottom: 0px\"/><p style=\"margin-bottom: 0px\">Profile: <a href=\"StructureDefinition-stroke-circumstance-observation-profile.html\">Stroke Circumstance Observation Profile (R5)</a></p></div><p><b>status</b>: Final</p><p><b>code</b>: <span title=\"Codes:{http://tecnomod-um.org/CodeSystem/stroke-circumstance-codes-cs wake-up}\">Wake-up Stroke</span></p><p><b>subject</b>: <a href=\"Patient-example-patient.html\">Anonymous Patient (no stated gender), DoB Unknown</a></p><p><b>focus</b>: <code>ConditionExample</code></p><p><b>encounter</b>: <a href=\"Encounter-StrokeEncounterExample.html\">Encounter: extension = true,ICU / Stroke Unit,false,Neurology; status = completed; type = Inpatient Encounter; actualPeriod = 2025-03-01 08:00:00+0000 --&gt; 2025-03-10 12:00:00+0000</a></p></div>"
  },
  "status" : "final",
  "code" : {
    "coding" : [{
      "system" : "http://tecnomod-um.org/CodeSystem/stroke-circumstance-codes-cs",
      "code" : "wake-up",
      "display" : "Wake-up Stroke"
    }]
  },
  "subject" : {
    "reference" : "Patient/example-patient"
  },
  "focus" : [{
    "reference" : "ConditionExample"
  }],
  "encounter" : {
    "reference" : "Encounter/StrokeEncounterExample"
  }
}