{
  "resourceType" : "Organization",
  "id" : "ExampleStrokeOrganization",
  "meta" : {
    "profile" : ["http://testSK.org/StructureDefinition/stroke-registry-organization-profile"]
  },
  "text" : {
    "status" : "generated",
    "div" : "<div xmlns=\"http://www.w3.org/1999/xhtml\"><p class=\"res-header-id\"><b>Generated Narrative: Organization ExampleStrokeOrganization</b></p><a name=\"ExampleStrokeOrganization\"> </a><a name=\"hcExampleStrokeOrganization\"> </a><div style=\"display: inline-block; background-color: #d9e0e7; padding: 6px; margin: 4px; border: 1px solid #8da1b4; border-radius: 5px; line-height: 60%\"><p style=\"margin-bottom: 0px\"/><p style=\"margin-bottom: 0px\">Profile: <a href=\"StructureDefinition-stroke-registry-organization-profile.html\">Stroke Registry Organization Profile</a></p></div><p><b>identifier</b>: <code>https://stroke.qualityregistry.org</code>/987654</p><p><b>active</b>: true</p><p><b>name</b>: University Hospital of Boston</p></div>"
  },
  "identifier" : [{
    "system" : "https://stroke.qualityregistry.org",
    "value" : "987654"
  }],
  "active" : true,
  "name" : "University Hospital of Boston"
}