{
  "resourceType" : "Procedure",
  "id" : "StrokeCarotidImagingExample",
  "meta" : {
    "profile" : ["http://tecnomod-um.org/StructureDefinition/stroke-carotid-imaging-procedure-profile"]
  },
  "text" : {
    "status" : "extensions",
    "div" : "<div xmlns=\"http://www.w3.org/1999/xhtml\"><p class=\"res-header-id\"><b>Generated Narrative: Procedure StrokeCarotidImagingExample</b></p><a name=\"StrokeCarotidImagingExample\"> </a><a name=\"hcStrokeCarotidImagingExample\"> </a><div style=\"display: inline-block; background-color: #d9e0e7; padding: 6px; margin: 4px; border: 1px solid #8da1b4; border-radius: 5px; line-height: 60%\"><p style=\"margin-bottom: 0px\"/><p style=\"margin-bottom: 0px\">Profile: <a href=\"StructureDefinition-stroke-carotid-imaging-procedure-profile.html\">Stroke Carotid Imaging Procedure Profile (R5)</a></p></div><p><b>Procedure Timing Context Extension</b>: <span title=\"Codes:{http://tecnomod-um.org/CodeSystem/procedure-timing-context-cs post-acute}\">Post-Acute Phase (&gt;=24h)</span></p><p><b>status</b>: Not Done</p><p><b>statusReason</b>: <span title=\"Codes:{http://tecnomod-um.org/CodeSystem/stroke-proc-not-done-reason-cs unknown}\">Reason Unknown</span></p><p><b>code</b>: <span title=\"Codes:{http://snomed.info/sct 58920005}\">Angiography of carotid artery (procedure)</span></p><p><b>subject</b>: <a href=\"Patient-example-patient.html\">Anonymous Patient (no stated gender), DoB Unknown</a></p><p><b>occurrence</b>: 2025-03-01 10:00:00+0000 --&gt; 2025-03-01 10:30:00+0000</p></div>"
  },
  "extension" : [{
    "url" : "http://tecnomod-um.org/StructureDefinition/procedure-timing-context-ext",
    "valueCodeableConcept" : {
      "coding" : [{
        "system" : "http://tecnomod-um.org/CodeSystem/procedure-timing-context-cs",
        "code" : "post-acute",
        "display" : "Post-Acute Phase (>=24h)"
      }]
    }
  }],
  "status" : "not-done",
  "statusReason" : {
    "coding" : [{
      "system" : "http://tecnomod-um.org/CodeSystem/stroke-proc-not-done-reason-cs",
      "code" : "unknown",
      "display" : "Reason Unknown"
    }]
  },
  "code" : {
    "coding" : [{
      "system" : "http://snomed.info/sct",
      "code" : "58920005",
      "display" : "Angiography of carotid artery (procedure)"
    }]
  },
  "subject" : {
    "reference" : "Patient/example-patient"
  },
  "occurrencePeriod" : {
    "start" : "2025-03-01T10:00:00Z",
    "end" : "2025-03-01T10:30:00Z"
  }
}